library_card_id,first_name,last_name,email,gender,birth_year
27263,Reilly,Tongue,rtongue0@xrea.com,Male,1955
25411,Masha,Yoskowitz,myoskowitz1@weather.com,Female,1958
25528,Goran,Wilford,gwilford2@gov.uk,Polygender,1989
28123,Susanne,Micheli,smicheli3@gov.uk,Female,1989
23600,Curran,Towriss,ctowriss4@zdnet.com,Male,1930
23413,Cort,Perazzo,cperazzo5@mlb.com,Male,1948
23061,Barbabas,Skehan,bskehan6@jiathis.com,Male,1973
28330,Tymon,Blacker,tblacker7@apple.com,Male,2001
25986,Cletis,Blemings,cblemings8@sourceforge.net,Male,1972
26812,Cordi,Dubble,cdubble9@bigcartel.com,Female,1951
29813,Arlyn,Pavek,apaveka@chicagotribune.com,Female,2008
24277,Mirabel,Dougary,mdougaryb@pagesperso-orange.fr,Female,1931
26262,Missy,Fearneley,mfearneleyc@seesaa.net,Female,1964
29117,Ian,Drury,idruryd@europa.eu,Male,1953
26027,Aland,Trevino,atrevinoe@constantcontact.com,Male,2009
27878,Loren,Townley,ltownleyf@wikispaces.com,Male,1980
26485,Homer,Lyal,hlyalg@bandcamp.com,Male,1979
21366,Nicholle,Fey,nfeyh@edublogs.org,Female,2001
23455,Shaine,Davidovits,sdavidovitsi@parallels.com,Male,1958
20141,Zacharie,Miles,zmilesj@sakura.ne.jp,Male,1959
28396,Prudy,Saggs,psaggsk@purevolume.com,Female,1979
28967,Fidelia,Skaif,fskaifl@abc.net.au,Female,1925
29822,Koren,Beenham,kbeenhamm@forbes.com,Female,1996
23250,Rodney,Daughtery,rdaughteryn@vinaora.com,Male,1943
23019,Bea,Bardnam,bbardnamo@cdc.gov,Female,1989
26234,Melanie,Crumpton,mcrumptonp@google.ca,Female,1971
26515,Dennie,Valois,dvaloisq@friendfeed.com,Female,1926
24254,Tami,Beazer,tbeazerr@businessinsider.com,Female,1962
25423,Jeramey,Coneau,jconeaus@imgur.com,Polygender,1922
24269,Dianne,Pyper,dpypert@merriam-webster.com,Female,2009
26225,Bjorn,Pittock,bpittocku@unc.edu,Male,2003
27958,Jack,Kupis,jkupisv@biblegateway.com,Male,1998
22882,Clayborne,Dureden,cduredenw@mit.edu,Male,1996
22459,Torie,MacWilliam,tmacwilliamx@jugem.jp,Genderqueer,1992
25963,Heidie,Widdows,hwiddowsy@123-reg.co.uk,Female,1936
26049,Vere,Valance,vvalancez@omniture.com,Female,1943
27457,Darryl,Glader,dglader10@patch.com,Female,1986
29571,Clarissa,Wild,cwild11@china.com.cn,Female,1979
29382,Vladamir,Yerlett,vyerlett12@ibm.com,Male,1959
20803,Kamillah,Bembrick,kbembrick13@bing.com,Polygender,2004
27152,Lyndsey,Nickell,lnickell14@bluehost.com,Female,1977
28681,Valerye,Groundwater,vgroundwater15@harvard.edu,Female,2000
23108,Kele,Leicester,kleicester16@behance.net,Male,1922
28484,Lisle,McClure,lmcclure17@dell.com,Male,1978
29997,Franzen,Barrowclough,fbarrowclough18@dropbox.com,Male,1931
22769,Anthea,Bebbell,abebbell19@myspace.com,Female,1933
21767,Lilith,Wimp,lwimp1a@chicagotribune.com,Female,1975
24895,Audrie,Todd,atodd1b@reverbnation.com,Female,1928
29580,Linea,Shapcote,lshapcote1c@cloudflare.com,Genderqueer,1921
24174,Pincus,Garrard,pgarrard1d@java.com,Male,1923
22853,Dannie,Currao,dcurrao1e@dmoz.org,Male,1951
24004,Christie,Beales,cbeales1f@dion.ne.jp,Female,1929
20083,Shaw,Keniwell,skeniwell1g@yellowpages.com,Male,1979
28881,Taddeo,Tzuker,ttzuker1h@techcrunch.com,Male,1934
26155,Emalia,Edmed,eedmed1i@disqus.com,Female,1941
27395,Torin,Dumsday,tdumsday1j@storify.com,Male,1980
25086,Harry,Hatrey,hhatrey1k@china.com.cn,Male,1957
23166,Marni,Keyworth,mkeyworth1l@vimeo.com,Female,1981
21210,Violette,Kearle,vkearle1m@homestead.com,Female,1950
28161,Lee,Creedland,lcreedland1n@wunderground.com,Female,1973
26600,Terri,McAnellye,tmcanellye1o@harvard.edu,Male,1930
29727,Adair,Mazey,amazey1p@oakley.com,Male,1955
25966,Antonetta,Derrington,aderrington1q@sina.com.cn,Female,1959
20333,Lamar,Harrington,lharrington1r@cnet.com,Male,1954
22083,Pietro,Balstone,pbalstone1s@toplist.cz,Agender,1933
25997,Reyna,Rumble,rrumble1t@instagram.com,Genderfluid,1987
25550,Rochette,Roadknight,rroadknight1u@privacy.gov.au,Female,1994
25121,Joellen,Whimp,jwhimp1v@paypal.com,Female,1974
28224,Cobbie,Grimstead,cgrimstead1w@woothemes.com,Male,2002
29650,Lorenzo,Cobbold,lcobbold1x@sina.com.cn,Male,1931
23470,Irina,Rymill,irymill1y@ftc.gov,Female,1920
20709,Conchita,Rabjohns,crabjohns1z@naver.com,Female,1958
26259,Olav,Purkins,opurkins20@bravesites.com,Male,1920
22697,Sandi,Benediktovich,sbenediktovich21@cargocollective.com,Female,1940
20970,Corella,Lafay,clafay22@wunderground.com,Female,1947
28475,Osborne,Budget,obudget23@scribd.com,Male,1954
23749,Jarrid,Shitliffe,jshitliffe24@rambler.ru,Male,2005
26589,Orion,Grumbridge,ogrumbridge25@joomla.org,Male,2005
20278,Mercedes,Gunn,mgunn26@comsenz.com,Genderfluid,1972
26880,Lonni,Privost,lprivost27@epa.gov,Female,1984
27461,Robinetta,Morde,rmorde28@technorati.com,Female,1935
25832,Trixy,Dougary,tdougary29@digg.com,Female,1952
20550,Kyle,Pocknell,kpocknell2a@canalblog.com,Male,1937
20925,Bette-ann,Tester,btester2b@un.org,Female,1969
20490,Reina,Andresen,randresen2c@soundcloud.com,Non-binary,1922
25581,Nicolina,Baudain,nbaudain2d@tripadvisor.com,Female,1926
26617,Noach,Cosford,ncosford2e@rakuten.co.jp,Male,1935
20898,Michail,Cusiter,mcusiter2f@squarespace.com,Male,1985
25891,Joice,Innis,jinnis2g@epa.gov,Female,1922
25711,Lynnet,Bellee,lbellee2h@woothemes.com,Female,1993
22252,Rice,Pigdon,rpigdon2i@cam.ac.uk,Male,1979
23314,Charlene,Baxill,cbaxill2j@answers.com,Female,1985
20018,Clementine,Ostler,costler2k@craigslist.org,Female,1969
27144,Kingsley,Matej,kmatej2l@loc.gov,Male,1975
29549,Adey,Ellaway,aellaway2m@rediff.com,Female,1941
21798,Lynnett,Usborn,lusborn2n@hud.gov,Female,1972
29321,Dewey,Robley,drobley2o@4shared.com,Male,1931
28590,Florette,Lunck,flunck2p@merriam-webster.com,Female,2008
20486,Marthe,Webley,mwebley2q@e-recht24.de,Female,1986
24340,Dorena,Pawelec,dpawelec2r@nydailynews.com,Female,2010
20614,Violette,Beamond,vbeamond2s@time.com,Female,1931
29262,Avrom,Keitley,akeitley2t@friendfeed.com,Male,1935
21528,Aidan,Bradick,abradick2u@google.com,Female,2000
29422,Graehme,Zanardii,gzanardii2v@biglobe.ne.jp,Male,1946
23474,Ophelie,Kretschmer,okretschmer2w@cbsnews.com,Female,1921
24209,Paige,Broster,pbroster2x@blogspot.com,Male,1934
20640,Klement,Muscat,kmuscat2y@bluehost.com,Male,1951
29277,Jacquelyn,Coners,jconers2z@sina.com.cn,Female,1987
21836,Alberik,Sparshatt,asparshatt30@shop-pro.jp,Male,1992
23176,Cosimo,Bodle,cbodle31@odnoklassniki.ru,Male,1962
29981,Flemming,Shemming,fshemming32@deviantart.com,Male,1985
24446,Faythe,Aizlewood,faizlewood33@t.co,Female,2005
23608,Raven,Millthorpe,rmillthorpe34@networksolutions.com,Female,1997
24634,Adlai,Grimbleby,agrimbleby35@utexas.edu,Male,2007
29413,Lu,Gaither,lgaither36@ted.com,Female,1930
29587,Helge,Pattullo,hpattullo37@springer.com,Female,1967
27173,Ellette,Durrant,edurrant38@tinyurl.com,Female,1965
24041,Vikky,Farryann,vfarryann39@sitemeter.com,Female,1920
24794,Glori,Enterlein,genterlein3a@gizmodo.com,Female,2004
26207,Jeramie,Wrathmall,jwrathmall3b@technorati.com,Polygender,1940
27605,Yardley,Ruddle,yruddle3c@wikimedia.org,Male,1946
26252,Osmond,Cripps,ocripps3d@netscape.com,Male,1970
29607,Alvin,Madgwich,amadgwich3e@sphinn.com,Male,1978
22883,Kylila,Simmonite,ksimmonite3f@last.fm,Female,1994
24987,Giles,Bjerkan,gbjerkan3g@flickr.com,Male,1951
20208,Enriqueta,Banasiak,ebanasiak3h@over-blog.com,Female,1941
28151,Rosemary,Haugh,rhaugh3i@typepad.com,Female,1997
29895,Barbe,Huffy,bhuffy3j@wufoo.com,Female,1951
20562,Felipa,Merrigan,fmerrigan3k@rambler.ru,Female,1958
24382,Joyann,Hulme,jhulme3l@eepurl.com,Female,1967
20109,Leonidas,Scain,lscain3m@joomla.org,Male,2007
23558,Theda,Caberas,tcaberas3n@ebay.com,Female,1984
23087,Leanora,Matkovic,lmatkovic3o@e-recht24.de,Female,1997
23666,Andros,Glasbey,aglasbey3p@posterous.com,Agender,1947
28242,Lukas,Mattiazzo,lmattiazzo3q@vimeo.com,Male,2009
28830,Joana,Bohlens,jbohlens3r@dell.com,Female,1939
27666,Hendrika,Cadwallader,hcadwallader3s@thetimes.co.uk,Agender,1978
27960,Uta,Growcott,ugrowcott3t@nymag.com,Female,1979
24667,Stanley,MacDonough,smacdonough3u@sciencedaily.com,Male,1951
28021,Peri,Titchen,ptitchen3v@foxnews.com,Female,1937
25689,Jenilee,Merton,jmerton3w@ning.com,Female,1949
24970,Melly,d' Elboux,mdelboux3x@google.com.br,Female,1932
29048,Alexandrina,Perren,aperren3y@msu.edu,Female,1978
22706,Gerick,Pinsent,gpinsent3z@exblog.jp,Male,1934
25782,Becka,Jentges,bjentges40@myspace.com,Female,1955
26203,Brannon,Kelby,bkelby41@ehow.com,Male,1948
21273,Johnathan,Tinniswood,jtinniswood42@reuters.com,Male,1976
29919,Kelly,Livesay,klivesay43@geocities.com,Male,2003
24395,Kleon,Joselin,kjoselin44@tripod.com,Male,1924
20463,Richard,Botten,rbotten45@narod.ru,Male,1941
22380,Lynett,Fudge,lfudge46@ameblo.jp,Genderfluid,1983
24642,Alysa,Yendall,ayendall47@istockphoto.com,Polygender,1975
20151,Hobie,Handaside,hhandaside48@bbb.org,Male,1937
20970,Corinna,Dockrell,cdockrell49@businessweek.com,Female,1923
29768,Neddy,Bramwich,nbramwich4a@java.com,Male,2007
26592,Angelique,Meighan,ameighan4b@wordpress.com,Female,1942
22524,Berrie,Smallbone,bsmallbone4c@plala.or.jp,Genderfluid,1969
21888,Yule,Walpole,ywalpole4d@ted.com,Male,1925
22744,Burg,Ector,bector4e@nytimes.com,Male,1958
22344,Sophi,Cowin,scowin4f@baidu.com,Female,1971
23211,Alyss,Glawsop,aglawsop4g@cornell.edu,Genderfluid,1957
26335,Aimee,McGaughey,amcgaughey4h@state.tx.us,Female,1982
28267,Harland,Fitzsymons,hfitzsymons4i@ca.gov,Male,2002
28700,Ches,Wegenen,cwegenen4j@dmoz.org,Male,1961
21567,Xaviera,Crumley,xcrumley4k@com.com,Female,2009
25145,Sergio,Jenks,sjenks4l@seesaa.net,Male,1978
27264,Grace,Pote,gpote4m@google.it,Female,1923
23242,Thornie,Gobbett,tgobbett4n@arstechnica.com,Male,1996
29058,Salmon,Goudy,sgoudy4o@wufoo.com,Male,1930
20062,Lucais,Tourry,ltourry4p@chronoengine.com,Genderqueer,1982
24092,Alexandre,Cawte,acawte4q@liveinternet.ru,Male,1996
23441,Conney,Topley,ctopley4r@newsvine.com,Male,1995
28708,Trescha,Wilsone,twilsone4s@fema.gov,Female,1987
20339,Lucita,Renoden,lrenoden4t@fda.gov,Female,2004
23901,Carry,Tupper,ctupper4u@slideshare.net,Female,1995
24215,Cherie,Hattersley,chattersley4v@liveinternet.ru,Female,1945
21872,Nikki,Kleisle,nkleisle4w@surveymonkey.com,Male,1938
21558,Leupold,Menier,lmenier4x@phpbb.com,Male,1941
29358,Frederich,Gommey,fgommey4y@uiuc.edu,Male,1984
24923,Dennie,Comfort,dcomfort4z@instagram.com,Female,1947
20381,Kalle,Osgorby,kosgorby50@multiply.com,Male,1988
23443,Elysia,Godspeede,egodspeede51@freewebs.com,Female,1982
23202,Derby,Torvey,dtorvey52@princeton.edu,Male,1939
24189,Samantha,Egre,segre53@indiegogo.com,Female,1924
25311,Pippa,Avramovitz,pavramovitz54@g.co,Female,1972
22552,Vonny,Tuffell,vtuffell55@nyu.edu,Female,1989
21644,Caleb,Minghi,cminghi56@hc360.com,Male,1954
23643,Joyous,Golsby,jgolsby57@tmall.com,Female,1941
23625,Randi,Holbarrow,rholbarrow58@alexa.com,Female,1974
20082,Ardyce,Batie,abatie59@nyu.edu,Female,1942
27913,Emilio,Melloi,emelloi5a@hexun.com,Male,1958
27087,Kennedy,Aylott,kaylott5b@xinhuanet.com,Male,1931
20871,Reiko,Lushey,rlushey5c@marriott.com,Agender,1947
26035,Bearnard,Tales,btales5d@lycos.com,Male,1986
23259,Kristy,Barca,kbarca5e@china.com.cn,Female,1959
25175,Nicole,Thunder,nthunder5f@xinhuanet.com,Female,1937
23016,Bucky,Pfeffer,bpfeffer5g@vinaora.com,Male,1956
26016,Dane,Liveley,dliveley5h@pbs.org,Male,1997
24303,Nicolas,Wile,nwile5i@blogtalkradio.com,Male,1938
28636,Hadlee,Sollom,hsollom5j@wordpress.org,Male,1941
21991,Bayard,Kay,bkay5k@dropbox.com,Male,1990
27505,Arlette,Emmens,aemmens5l@1688.com,Female,1955
27855,Lucilia,Botright,lbotright5m@state.tx.us,Female,1941
27801,Shayla,Kinnie,skinnie5n@weibo.com,Female,1948
26205,Boy,Bellhouse,bbellhouse5o@mayoclinic.com,Male,1924
28761,Jenny,Haygreen,jhaygreen5p@sogou.com,Genderfluid,1946
29061,Willetta,Vickers,wvickers5q@tiny.cc,Female,2006
21305,Demetri,Kleynen,dkleynen5r@ox.ac.uk,Male,2005
25090,Gregg,Senescall,gsenescall5s@hugedomains.com,Male,1961
23621,Idaline,Minchinton,iminchinton5t@ezinearticles.com,Female,1923
20680,Elfrida,Duncanson,eduncanson5u@odnoklassniki.ru,Female,1967
29388,Royall,Sellstrom,rsellstrom5v@networksolutions.com,Male,1922
26529,Sebastian,Langley,slangley5w@canalblog.com,Male,1980
27219,Nelia,Hammell,nhammell5x@usatoday.com,Female,1944
23831,Ezri,Fries,efries5y@t-online.de,Male,1922
29659,Fey,Boxell,fboxell5z@paginegialle.it,Female,1945
21272,Costa,Ottey,cottey60@google.com.br,Male,1920
27678,Cello,Nijs,cnijs61@gov.uk,Male,1949
22334,Gregorio,Puckey,gpuckey62@t-online.de,Male,1948
27371,Nixie,Kilmurray,nkilmurray63@army.mil,Female,1950
25717,Concettina,Skirvin,cskirvin64@redcross.org,Female,1944
21548,Peadar,Laxen,plaxen65@nih.gov,Male,1935
20856,Jack,Farady,jfarady66@ezinearticles.com,Male,1950
22990,Wolfy,Sarchwell,wsarchwell67@sina.com.cn,Male,1979
29309,Francklin,Dewey,fdewey68@joomla.org,Male,1932
28093,Ev,Sewill,esewill69@nyu.edu,Male,1955
29569,Lorianna,Gabbitas,lgabbitas6a@oracle.com,Female,1962
28532,Pansie,Doolan,pdoolan6b@admin.ch,Female,1937
29790,Jaquith,Jantel,jjantel6c@nyu.edu,Female,1995
22191,Sophia,Triggle,striggle6d@dailymail.co.uk,Female,1973
21582,Lowe,Vellden,lvellden6e@uiuc.edu,Male,1986
24417,Conrade,Rambadt,crambadt6f@etsy.com,Male,1952
21067,Jacklin,Pragnell,jpragnell6g@state.gov,Female,1962
29575,Darius,McLaughlan,dmclaughlan6h@1und1.de,Male,1981
22217,Rocky,Galvan,rgalvan6i@yolasite.com,Male,1949
22429,Tallie,Houldcroft,thouldcroft6j@uol.com.br,Female,2004
29796,Joshuah,Louis,jlouis6k@cmu.edu,Male,1980
28520,Chantalle,Hurley,churley6l@newsvine.com,Female,2000
26122,Gayelord,Doxsey,gdoxsey6m@blog.com,Male,1984
22995,Sidonia,Skeath,sskeath6n@hatena.ne.jp,Female,1975
24733,Kamila,Ales,kales6o@purevolume.com,Genderqueer,1941
29774,Wells,Hardwidge,whardwidge6p@infoseek.co.jp,Male,1992
27647,Kelvin,Maple,kmaple6q@simplemachines.org,Male,1973
28753,Pinchas,Gozard,pgozard6r@npr.org,Male,2005
22019,Alysa,Vaz,avaz6s@smh.com.au,Female,1958
27872,Gasparo,Fowlds,gfowlds6t@studiopress.com,Male,1971
22546,Jake,Pegden,jpegden6u@cnet.com,Male,1992
24183,Leila,Jedrych,ljedrych6v@comsenz.com,Female,1990
24651,Karlotta,McLeary,kmcleary6w@ox.ac.uk,Female,1980
23047,Haskell,De Gregorio,hdegregorio6x@sciencedaily.com,Male,1937
25289,Gawain,Cariss,gcariss6y@wikispaces.com,Male,1984
24201,Mead,Harwood,mharwood6z@skyrock.com,Male,1961
21915,Idette,Townend,itownend70@nbcnews.com,Female,1975
21912,Suzie,Saxby,ssaxby71@skyrock.com,Female,1950
29102,Alena,Mendez,amendez72@baidu.com,Female,1968
20054,Giorgia,Karpmann,gkarpmann73@spotify.com,Female,1929
29649,Chris,Dowsing,cdowsing74@arizona.edu,Female,1977
21984,Cathryn,Inglesant,cinglesant75@t.co,Female,1930
25893,Caroljean,Hopkynson,chopkynson76@tinyurl.com,Female,2006
24649,Demetris,Hambling,dhambling77@istockphoto.com,Male,1961
20329,Griff,Oloshin,goloshin78@statcounter.com,Male,2008
26135,Carley,Sallowaye,csallowaye79@smugmug.com,Female,1990
23577,Maureene,Ferraretto,mferraretto7a@blogspot.com,Female,1966
27387,Isis,Nutkin,inutkin7b@stumbleupon.com,Female,1986
20152,Mauricio,Saltsberg,msaltsberg7c@friendfeed.com,Male,1985
27679,Sibbie,Leckenby,sleckenby7d@joomla.org,Female,1960
28960,Orsola,Pett,opett7e@answers.com,Female,1967
22745,Corly,Siney,csiney7f@google.ca,Female,1969
21818,Keefe,Trudgeon,ktrudgeon7g@archive.org,Male,1935
26437,Ganny,Aylin,gaylin7h@nhs.uk,Male,1983
25947,Elianore,Alchin,ealchin7i@bandcamp.com,Female,1975
28179,Remus,Cattlemull,rcattlemull7j@apache.org,Male,1943
23272,Merci,Weatherell,mweatherell7k@mail.ru,Female,1924
27676,Kiersten,Nollet,knollet7l@fc2.com,Female,2006
26137,Marquita,Rix,mrix7m@omniture.com,Female,1974
25458,Sauveur,Gasnoll,sgasnoll7n@scientificamerican.com,Male,1946
22646,Siobhan,Oret,soret7o@technorati.com,Female,1950
23565,Agneta,Geane,ageane7p@nasa.gov,Genderqueer,1940
21705,Marty,Sam,msam7q@hao123.com,Male,2008
23027,Yetta,Gilstin,ygilstin7r@drupal.org,Female,1970
29764,Patton,Stych,pstych7s@columbia.edu,Male,1977
22104,Olga,Stathor,ostathor7t@marriott.com,Non-binary,1938
23134,Herschel,MacBarron,hmacbarron7u@is.gd,Genderqueer,1990
27667,Cody,Slocom,cslocom7v@posterous.com,Male,1948
28335,Joelie,Mennell,jmennell7w@mapy.cz,Bigender,1974
26208,Yuri,Ick,yick7x@sun.com,Polygender,1930
25436,Craggy,Dakhno,cdakhno7y@cyberchimps.com,Male,1952
24164,Cully,Lobe,clobe7z@squarespace.com,Male,1970
21576,Cesare,Veal,cveal80@cocolog-nifty.com,Male,2000
22536,Tyne,Beatson,tbeatson81@go.com,Female,1923
29065,Tony,Haselwood,thaselwood82@berkeley.edu,Male,1935
28942,Yorgos,Grinnikov,ygrinnikov83@netscape.com,Male,1990
28363,Tonia,Bissatt,tbissatt84@marriott.com,Female,1958
23751,Luelle,Wallenger,lwallenger85@goo.ne.jp,Female,1943
29357,Barney,Oak,boak86@nature.com,Male,1971
20645,Dara,Yushmanov,dyushmanov87@columbia.edu,Bigender,1934
25194,Marcellina,Vinick,mvinick88@gov.uk,Female,1987
25113,Addy,Perutto,aperutto89@pinterest.com,Female,1934
28434,Leona,Bradly,lbradly8a@google.com.hk,Non-binary,1956
22215,Nissy,Ligoe,nligoe8b@nifty.com,Female,1972
24268,Tammi,Hatrey,thatrey8c@hostgator.com,Female,1974
23068,Jodee,Babbidge,jbabbidge8d@answers.com,Female,1989
29895,Verney,Juanico,vjuanico8e@biglobe.ne.jp,Male,1989
23994,Issi,Perree,iperree8f@army.mil,Female,1976
29059,Mariam,McLarnon,mmclarnon8g@oracle.com,Female,2010
27017,Katy,Soppeth,ksoppeth8h@furl.net,Female,1981
26295,Nanon,Skullet,nskullet8i@census.gov,Female,1946
27929,Vikki,Bettis,vbettis8j@facebook.com,Female,1995
28525,Ethelyn,Sutton,esutton8k@posterous.com,Female,1933
26162,Henryetta,Tavinor,htavinor8l@netvibes.com,Genderfluid,2004
29768,Colver,Minihan,cminihan8m@dagondesign.com,Agender,1927
21902,Susanne,Thornally,sthornally8n@eventbrite.com,Female,1928
27169,Roselle,McKeating,rmckeating8o@wiley.com,Female,1960
22416,Haskel,McCooke,hmccooke8p@constantcontact.com,Male,2010
28821,Henrik,Halahan,hhalahan8q@bigcartel.com,Male,1988
25374,Zsa zsa,Miall,zmiall8r@jalbum.net,Female,1959
25785,Betta,Fuxman,bfuxman8s@github.com,Female,1944
20618,Marney,Smidmore,msmidmore8t@prweb.com,Female,1973
22228,Hendrik,Lucas,hlucas8u@pen.io,Male,1944
28115,Gerhardt,Gyngyll,ggyngyll8v@g.co,Male,1958
26115,Augie,Napolione,anapolione8w@seesaa.net,Male,1946
21279,Ruprecht,Adolphine,radolphine8x@time.com,Male,1950
29179,Celesta,Plewright,cplewright8y@myspace.com,Female,1927
28200,Jarvis,Oldfield-Cherry,joldfieldcherry8z@toplist.cz,Male,1994
23260,Jourdain,Warricker,jwarricker90@weebly.com,Male,2001
26027,Cary,Titley,ctitley91@devhub.com,Non-binary,1958
24385,Gibb,Dowsing,gdowsing92@freewebs.com,Male,1966
22241,Golda,Tryhorn,gtryhorn93@dmoz.org,Female,1977
20479,Christopher,Sidden,csidden94@furl.net,Male,1943
22101,Vivienne,Gaskin,vgaskin95@seesaa.net,Female,1944
22046,Victoir,Knapton,vknapton96@admin.ch,Male,1946
24379,Doralia,Tsar,dtsar97@princeton.edu,Female,1962
22397,Verne,Wegner,vwegner98@merriam-webster.com,Male,1970
29631,Maryann,Scarsbrook,mscarsbrook99@sogou.com,Female,1989
20864,Daria,Reye,dreye9a@constantcontact.com,Female,1941
25915,Esme,Brou,ebrou9b@aol.com,Female,2002
23817,Margret,Strathdee,mstrathdee9c@fc2.com,Female,1989
29366,Amalie,Sommerfeld,asommerfeld9d@slate.com,Female,1937
27376,Debbi,Stonman,dstonman9e@intel.com,Agender,1997
28420,Mozelle,Sherar,msherar9f@pinterest.com,Female,1958
27457,Berte,McAtamney,bmcatamney9g@cdbaby.com,Female,1935
29753,Nichole,Rayer,nrayer9h@netvibes.com,Female,1975
28848,Matti,Spensley,mspensley9i@cbslocal.com,Female,1987
25721,Gram,Loftin,gloftin9j@123-reg.co.uk,Male,1920
27293,Gillie,Wais,gwais9k@berkeley.edu,Female,1961
26494,Shannon,Bushill,sbushill9l@howstuffworks.com,Female,2006
25697,Ambrose,Davydzenko,adavydzenko9m@joomla.org,Male,2005
25327,Darda,Cannaway,dcannaway9n@posterous.com,Female,1938
26235,Bendick,Hurley,bhurley9o@toplist.cz,Male,1976
25463,Zolly,Ashlin,zashlin9p@time.com,Male,1930
22729,Taryn,Master,tmaster9q@usda.gov,Female,1999
28374,Ilsa,Cicccitti,icicccitti9r@usa.gov,Female,1971
23850,Lammond,Rome,lrome9s@e-recht24.de,Male,1959
27813,Adore,Pougher,apougher9t@gov.uk,Female,1937
20235,Rufe,Clausen,rclausen9u@123-reg.co.uk,Male,2002
23233,Corrine,Wilmot,cwilmot9v@gnu.org,Female,1947
27961,Crissie,Joysey,cjoysey9w@goo.ne.jp,Female,1948
27116,Collete,Leveret,cleveret9x@tripadvisor.com,Female,1967
22749,Angele,Monnery,amonnery9y@toplist.cz,Female,1932
27526,Olvan,Rubinovici,orubinovici9z@youku.com,Non-binary,2004
22177,Cecile,Sillwood,csillwooda0@cbslocal.com,Female,1979
23101,Lilyan,Messent,lmessenta1@51.la,Female,1962
21627,Ora,Flohard,ofloharda2@thetimes.co.uk,Female,1964
26342,Korella,Christopher,kchristophera3@people.com.cn,Female,2003
20622,Eda,Hedin,ehedina4@theatlantic.com,Female,1939
20655,Paxton,Tomes,ptomesa5@mediafire.com,Male,1927
25539,Tabor,Roze,trozea6@bloglovin.com,Male,1994
20187,Tera,Feld,tfelda7@smh.com.au,Female,1997
27445,Babita,Bettison,bbettisona8@cnbc.com,Female,1932
28692,Aldin,Luciani,aluciania9@opera.com,Male,1972
25546,Neils,D'Aguanno,ndaguannoaa@tiny.cc,Male,1955
27211,Allina,Meletti,amelettiab@oaic.gov.au,Female,1933
24029,Cordell,aManger,camangerac@state.gov,Male,1959
22160,Kristan,McCafferky,kmccafferkyad@addtoany.com,Female,1973
20454,Olia,Foot,ofootae@joomla.org,Female,1932
29576,Devin,Stollsteimer,dstollsteimeraf@java.com,Male,1961
21490,Gal,Toombs,gtoombsag@purevolume.com,Non-binary,1980
21384,Leanna,Hallagan,lhallaganah@time.com,Female,1933
28787,Anna-diane,MacKee,amackeeai@geocities.com,Female,1938
25403,Eziechiele,Sellek,esellekaj@zdnet.com,Male,1972
23734,Berky,Twomey,btwomeyak@vkontakte.ru,Male,1984
20912,Saunderson,Heggs,sheggsal@intel.com,Male,1939
20503,Milly,Worters,mwortersam@php.net,Female,1947
23825,Isidor,Daynter,idaynteran@dedecms.com,Male,1975
28677,Giorgio,McGuffie,gmcguffieao@prweb.com,Male,1964
23880,Umeko,Easom,ueasomap@ning.com,Agender,1973
26160,Arvin,Borgnol,aborgnolaq@csmonitor.com,Male,1985
24685,Doyle,Porker,dporkerar@simplemachines.org,Agender,1990
27618,Isahella,Pearse,ipearseas@woothemes.com,Female,1947
29282,Margo,Shoute,mshouteat@squidoo.com,Female,1948
26023,Petunia,Viger,pvigerau@go.com,Bigender,1926
24639,Stoddard,Cavalier,scavalierav@photobucket.com,Female,1944
27164,Latrena,Dickinson,ldickinsonaw@mapquest.com,Female,1993
27799,Marjie,Childe,mchildeax@bizjournals.com,Female,1986
24104,Drake,Rennebeck,drennebeckay@alibaba.com,Male,1987
29134,Winny,Rojas,wrojasaz@tiny.cc,Male,1962
29745,Lyda,Clist,lclistb0@amazon.com,Female,1968
27390,Udell,Hotton,uhottonb1@nbcnews.com,Male,2007
26680,Benedicto,Trainer,btrainerb2@alibaba.com,Male,1952
22983,Kathryn,Belasco,kbelascob3@slate.com,Female,1938
26910,Mair,Hartup,mhartupb4@marketwatch.com,Female,1956
25337,Marianna,Defond,mdefondb5@xinhuanet.com,Female,1929
26910,Roderick,Chesnay,rchesnayb6@scribd.com,Male,1950
20920,Farrell,Heake,fheakeb7@gizmodo.com,Male,1974
25038,Jody,Lambert,jlambertb8@theglobeandmail.com,Male,1972
26141,Aimee,Mussard,amussardb9@oracle.com,Female,1956
22661,Taddeo,Golder,tgolderba@slate.com,Male,1958
25709,Valentino,Kellet,vkelletbb@yellowpages.com,Male,1994
20756,Kimmy,Sibbert,ksibbertbc@php.net,Female,2004
22964,Dominique,Twiggs,dtwiggsbd@prnewswire.com,Male,1938
22374,Townsend,Fursse,tfurssebe@unesco.org,Polygender,1933
20907,Herrick,Guy,hguybf@wikipedia.org,Male,1946
24977,Andrei,Schwant,aschwantbg@freewebs.com,Female,1945
28537,Evita,Frushard,efrushardbh@reddit.com,Female,1924
27133,Trevar,Mattersey,tmatterseybi@yelp.com,Male,2000
28185,Brook,Carver,bcarverbj@icio.us,Male,1971
26127,Raviv,Fischer,rfischerbk@drupal.org,Male,1993
22367,Gayler,Conyard,gconyardbl@wisc.edu,Male,1956
22731,Chrissie,Broszkiewicz,cbroszkiewiczbm@list-manage.com,Genderfluid,1936
29506,Lavena,Staveley,lstaveleybn@guardian.co.uk,Female,1986
23800,Basilius,Allibone,ballibonebo@joomla.org,Male,1942
23322,Rudyard,Eidelman,reidelmanbp@yelp.com,Male,1933
24478,Waldemar,Chainey,wchaineybq@chicagotribune.com,Polygender,1947
27019,Cyndia,Goult,cgoultbr@mapy.cz,Female,1976
24661,Flint,Bointon,fbointonbs@goodreads.com,Male,1986
25162,Bob,Perkinson,bperkinsonbt@dagondesign.com,Male,1935
21831,Blithe,Sizzey,bsizzeybu@china.com.cn,Female,1947
22616,Joyan,Grosier,jgrosierbv@indiegogo.com,Female,2000
28744,Deb,Dillamore,ddillamorebw@homestead.com,Polygender,1943
22726,Harmon,Lassells,hlassellsbx@telegraph.co.uk,Male,1962
25853,Ambrose,Schimke,aschimkeby@oaic.gov.au,Male,1926
22496,Xylia,Adamovitz,xadamovitzbz@businesswire.com,Female,1928
27220,Rickard,Dorot,rdorotc0@hubpages.com,Male,1994
26917,Tootsie,Surgood,tsurgoodc1@soup.io,Female,1995
26328,Eugene,Whiles,ewhilesc2@amazon.co.uk,Polygender,1935
24872,Keven,Tollit,ktollitc3@delicious.com,Male,1964
27418,Archaimbaud,Phelan,aphelanc4@spotify.com,Male,1964
29727,Valentine,McGibbon,vmcgibbonc5@gov.uk,Male,1998
26578,Xerxes,Curdell,xcurdellc6@devhub.com,Male,1929
28955,Stefanie,Leicester,sleicesterc7@hhs.gov,Female,2008
26145,Gayleen,Behling,gbehlingc8@twitpic.com,Female,1952
23407,Karen,Signore,ksignorec9@google.it,Female,1988
29877,Karola,Pawlicki,kpawlickica@soundcloud.com,Female,1953
26466,Karl,Maberley,kmaberleycb@usnews.com,Male,1970
25900,Kizzie,Sparling,ksparlingcc@artisteer.com,Genderqueer,2000
27724,Raphaela,Blooman,rbloomancd@engadget.com,Female,1945
24442,Corrine,Delyth,cdelythce@godaddy.com,Female,2002
23346,Shayla,Kinforth,skinforthcf@reddit.com,Female,1937
24793,Thurston,Dawdry,tdawdrycg@skype.com,Male,1940
22416,Norina,Hought,nhoughtch@elegantthemes.com,Female,1990
27747,Georgeanne,Pfeffel,gpfeffelci@elpais.com,Female,1936
20737,Fonzie,Flaonier,fflaoniercj@harvard.edu,Male,1938
26891,Town,Gapper,tgapperck@jalbum.net,Male,1971
27986,Darelle,Kalinsky,dkalinskycl@hp.com,Female,2004
22649,Valida,Dufour,vdufourcm@timesonline.co.uk,Female,1954
26522,Normy,Boughton,nboughtoncn@theatlantic.com,Male,1937
24684,Marlo,McGrae,mmcgraeco@mac.com,Male,1950
22633,Bax,Aleixo,baleixocp@discuz.net,Male,1968
25940,Marne,Whitta,mwhittacq@soup.io,Female,1927
25052,Jolee,Carbine,jcarbinecr@berkeley.edu,Female,1961
25790,Mahalia,Abazi,mabazics@reference.com,Female,1985
28640,Charil,Faier,cfaierct@apache.org,Female,1975
26820,Marcellina,Andriolli,mandriollicu@businessweek.com,Female,1939
26304,Clair,Kolis,ckoliscv@spiegel.de,Female,1941
25722,Danice,Towl,dtowlcw@bloglovin.com,Female,1966
29919,Ermanno,Dalling,edallingcx@jimdo.com,Male,1963
27132,Sidnee,Yanshonok,syanshonokcy@yellowbook.com,Male,1951
29865,Lina,Wenham,lwenhamcz@si.edu,Female,1935
22590,Archambault,Scay,ascayd0@upenn.edu,Male,1948
29787,Eduardo,Gemeau,egemeaud1@msn.com,Bigender,1992
29178,Berna,Canete,bcaneted2@ask.com,Female,1989
25924,Marsha,Corris,mcorrisd3@domainmarket.com,Female,1968
25246,Jasmine,Dumphreys,jdumphreysd4@phoca.cz,Female,1973
22325,Ax,McCreagh,amccreaghd5@fastcompany.com,Male,1920
26485,Aldric,Latehouse,alatehoused6@wisc.edu,Male,1936
20619,Dasya,Foukx,dfoukxd7@tiny.cc,Female,2003
25561,Alessandro,Daenen,adaenend8@ycombinator.com,Male,1998
20183,Mufi,Choppen,mchoppend9@va.gov,Female,1931
29636,Merrile,Bendin,mbendinda@google.nl,Female,1929
27559,Giacopo,Brithman,gbrithmandb@hubpages.com,Male,1928
26169,Nial,Molian,nmoliandc@epa.gov,Male,1998
23225,Clayborn,Wheelhouse,cwheelhousedd@oakley.com,Male,1994
21844,Lari,Ygoe,lygoede@lycos.com,Female,1979
23900,Leann,Brumpton,lbrumptondf@istockphoto.com,Female,1981
29264,Auberon,Parkyn,aparkyndg@noaa.gov,Male,1938
29115,Brien,Ginn,bginndh@pcworld.com,Male,2004
24311,Huntington,Cattermoul,hcattermouldi@creativecommons.org,Male,1953
27013,Anna-maria,Lebourn,alebourndj@reverbnation.com,Female,1998
23465,Kathleen,Ilem,kilemdk@behance.net,Female,1989
26083,Leia,Esmond,lesmonddl@spiegel.de,Female,1976
22808,Jermayne,Ivushkin,jivushkindm@pinterest.com,Male,1943
28108,Ursala,Folini,ufolinidn@hc360.com,Female,1935
28660,Audie,Whyteman,awhytemando@netscape.com,Genderqueer,1933
25947,Eleonore,Itzkovici,eitzkovicidp@facebook.com,Female,2007
28389,Earvin,Bruckent,ebruckentdq@answers.com,Male,1964
24614,Winny,Ensley,wensleydr@liveinternet.ru,Female,1938
23255,Pasquale,Do Rosario,pdorosariods@mapy.cz,Male,1998
27129,Janeen,Floweth,jflowethdt@fema.gov,Female,1953
29885,Munmro,Coles,mcolesdu@merriam-webster.com,Polygender,1938
24995,Antin,Kinkaid,akinkaiddv@dagondesign.com,Male,1987
29583,Doyle,Santino,dsantinodw@ebay.com,Male,1938
26043,Anabel,Blaise,ablaisedx@sciencedirect.com,Female,2006
29076,Abby,McGrotty,amcgrottydy@archive.org,Bigender,1943
23487,Nathan,Beagan,nbeagandz@google.co.uk,Male,2005
29210,Roley,Gowing,rgowinge0@yellowbook.com,Male,1943
26102,Aksel,Kenford,akenforde1@msu.edu,Male,1995
28851,Broderic,Heugle,bheuglee2@google.ca,Male,1989
28585,Albie,Biaggetti,abiaggettie3@baidu.com,Male,1955
29372,Jania,Buckie,jbuckiee4@typepad.com,Female,1938
20058,Edita,Febre,efebree5@qq.com,Female,1963
25375,Bentley,Pipworth,bpipworthe6@wordpress.org,Male,1996
20616,Dew,Poulson,dpoulsone7@europa.eu,Male,1973
25452,Sarina,Giacomoni,sgiacomonie8@globo.com,Genderfluid,2006
26080,Fallon,Hambric,fhambrice9@xing.com,Female,1948
23584,Kirsteni,Bazelle,kbazelleea@xrea.com,Female,1928
23537,Ban,Winterson,bwintersoneb@amazon.de,Male,1945
26300,Berky,Webb-Bowen,bwebbbowenec@webmd.com,Male,2008
25038,Antoni,Annand,aannanded@xrea.com,Male,2004
22726,Kelila,Osmint,kosmintee@acquirethisname.com,Female,1969
22175,Sidonnie,Dockrill,sdockrillef@google.com.br,Female,1942
22428,Linn,Grob,lgrobeg@51.la,Male,1945
21799,Dew,Goly,dgolyeh@hubpages.com,Male,1920
20599,Lorraine,Matusovsky,lmatusovskyei@dailymotion.com,Female,1999
22117,Gwyneth,Wherton,gwhertonej@shutterfly.com,Female,1992
29193,Siward,Trynor,strynorek@lycos.com,Male,2004
29503,Tawnya,Bilsborrow,tbilsborrowel@dailymail.co.uk,Female,1953
28126,Temple,Burkhill,tburkhillem@dell.com,Male,1965
23560,Davin,Dogerty,ddogertyen@illinois.edu,Male,1977
28298,Vivian,Wellan,vwellaneo@wordpress.com,Female,1974
22965,Tadeas,Marns,tmarnsep@51.la,Male,1950
27893,Poul,Pichan,ppichaneq@hc360.com,Male,1995
26579,Anett,Betteson,abettesoner@desdev.cn,Female,1946
23334,Gard,Daily,gdailyes@eventbrite.com,Male,1979
29453,Taddeo,Brackley,tbrackleyet@oaic.gov.au,Male,2000
24141,Virgie,Ryle,vryleeu@nymag.com,Female,2009
28830,Gage,Guise,gguiseev@de.vu,Male,1971
28895,Margaret,Ailmer,mailmerew@statcounter.com,Female,1949
25550,Colene,Woolen,cwoolenex@uol.com.br,Female,1978
20534,Lauren,Feathers,lfeathersey@symantec.com,Male,1931
26537,Augusta,Rasch,araschez@sitemeter.com,Female,1947
22200,Cirillo,Jimmes,cjimmesf0@unesco.org,Male,1962
26604,Mallorie,Blackman,mblackmanf1@ycombinator.com,Female,2000
21826,Teodoor,McKay,tmckayf2@paypal.com,Male,1969
23851,Wren,Richardon,wrichardonf3@netvibes.com,Female,1925
24431,Miller,Lancett,mlancettf4@flickr.com,Male,1967
22118,Kippy,Woollard,kwoollardf5@altervista.org,Female,1977
25957,Brew,Fortun,bfortunf6@hubpages.com,Male,1939
27374,Patrice,Hanfrey,phanfreyf7@sohu.com,Male,1969
22724,Abdul,Alkins,aalkinsf8@dailymail.co.uk,Male,1954
28127,Hy,Varndell,hvarndellf9@com.com,Male,1947
25483,Fredericka,Aldiss,faldissfa@nydailynews.com,Female,1920
29761,Netty,Marklund,nmarklundfb@drupal.org,Female,1973
20949,Dill,Carren,dcarrenfc@umn.edu,Male,1962
23568,Leontine,Perkin,lperkinfd@wikispaces.com,Female,1996
28066,Ade,Mocker,amockerfe@dailymotion.com,Genderfluid,2005
20153,Garrick,Kinsley,gkinsleyff@globo.com,Male,1950
24000,Trista,Goodfellowe,tgoodfellowefg@myspace.com,Genderfluid,1934
29240,Dalton,Charlin,dcharlinfh@army.mil,Male,1958
26689,Austina,Moggach,amoggachfi@cbsnews.com,Female,1930
24305,Nicolette,Kivits,nkivitsfj@trellian.com,Female,1987
24594,Gratiana,Tranter,gtranterfk@unicef.org,Female,1960
25003,Phil,Akid,pakidfl@dailymotion.com,Male,1954
24080,Olive,Dimitrov,odimitrovfm@apple.com,Female,1980
27178,Karleen,Castagne,kcastagnefn@theglobeandmail.com,Female,2010
29190,Nanon,Stair,nstairfo@cdc.gov,Agender,1930
28565,Emalia,Rack,erackfp@miibeian.gov.cn,Female,1962
29089,Arluene,Awin,aawinfq@hexun.com,Agender,1927
28403,Harri,Crinkley,hcrinkleyfr@forbes.com,Female,1972
26683,Edna,Pearde,epeardefs@google.com.au,Female,2002
20664,Vinita,Boldecke,vboldeckeft@wikimedia.org,Female,1955
20042,Sophi,Dmisek,sdmisekfu@blinklist.com,Female,1952
27430,Dell,Cranmere,dcranmerefv@shutterfly.com,Male,1983
25753,Germana,MacArd,gmacardfw@wp.com,Female,1955
24334,Theodore,MacCorkell,tmaccorkellfx@istockphoto.com,Non-binary,1952
26700,Amos,Lydiatt,alydiattfy@exblog.jp,Male,1966
27431,Colas,Mosten,cmostenfz@cnet.com,Polygender,1994
21548,Garvin,Totman,gtotmang0@histats.com,Agender,1957
29768,Vania,Oxenham,voxenhamg1@yolasite.com,Female,1958
23232,Brod,Gabites,bgabitesg2@ehow.com,Male,1947
25395,Genia,Josham,gjoshamg3@yahoo.com,Female,1940
21666,Iormina,Mainwaring,imainwaringg4@msu.edu,Female,1934
28635,Jeromy,MacDearmaid,jmacdearmaidg5@google.fr,Male,1984
23025,Mal,Thurgood,mthurgoodg6@last.fm,Male,1999
28974,Elisabet,Templar,etemplarg7@fda.gov,Female,1949
21238,Rianon,Suscens,rsuscensg8@yellowpages.com,Female,1958
22536,Maire,Overthrow,moverthrowg9@zimbio.com,Female,1947
21422,Auberta,Dioniso,adionisoga@1688.com,Female,1991
25848,Luella,Gillibrand,lgillibrandgb@cornell.edu,Female,1947
22085,Weber,Perrigo,wperrigogc@so-net.ne.jp,Male,1961
22298,Jehanna,Pethrick,jpethrickgd@cpanel.net,Bigender,2000
22190,Corly,Imlock,cimlockge@jiathis.com,Female,1958
26227,Verena,Vockings,vvockingsgf@usnews.com,Female,1988
20240,Rheba,Skillanders,rskillandersgg@apple.com,Polygender,1991
27126,Addy,Grimestone,agrimestonegh@vimeo.com,Female,1960
20147,Shaughn,Gadeaux,sgadeauxgi@sohu.com,Male,1961
22393,Ag,Danielut,adanielutgj@prnewswire.com,Genderqueer,2002
24783,Cammy,Watson-Brown,cwatsonbrowngk@slideshare.net,Male,1921
26838,Uriel,Barnby,ubarnbygl@acquirethisname.com,Male,1939
26471,Eloisa,Braunston,ebraunstongm@dedecms.com,Female,2007
23788,Rob,Northcliffe,rnorthcliffegn@google.fr,Male,1932
28411,Dorena,McCahey,dmccaheygo@salon.com,Female,1947
21913,Adrian,Josselson,ajosselsongp@nps.gov,Female,2009
25124,Birk,Galea,bgaleagq@linkedin.com,Male,1934
29600,Lilyan,Purdy,lpurdygr@nifty.com,Female,1942
23776,Say,Entreis,sentreisgs@go.com,Male,1992
21281,Irvin,Mumbray,imumbraygt@jugem.jp,Male,1950
25952,Mollee,Bailie,mbailiegu@digg.com,Genderqueer,1986
21693,Killy,Gawthrope,kgawthropegv@marketwatch.com,Male,1920
27087,Matthaeus,Gland,mglandgw@tuttocitta.it,Male,1973
28091,Estele,Tallon,etallongx@moonfruit.com,Female,1937
25966,Everett,Oris,eorisgy@squidoo.com,Male,1984
21582,Shirlee,Markie,smarkiegz@mysql.com,Female,1984
25577,Dori,Charlon,dcharlonh0@wsj.com,Female,1954
20073,Gilly,Mocker,gmockerh1@walmart.com,Genderfluid,1998
24901,Norma,Howland,nhowlandh2@blogspot.com,Female,1946
25484,Jeremie,Casoni,jcasonih3@zdnet.com,Male,1978
27900,Franciska,Brumby,fbrumbyh4@slideshare.net,Female,1991
23567,Claudina,Sterley,csterleyh5@epa.gov,Female,1921
22034,Drusi,Batterson,dbattersonh6@artisteer.com,Polygender,1926
24690,Rosalinda,Attard,rattardh7@netvibes.com,Female,2000
24957,Kelby,Chansonne,kchansonneh8@flickr.com,Male,1991
26223,Bebe,Giddens,bgiddensh9@yale.edu,Female,1981
24380,Phil,Lisciandro,plisciandroha@xrea.com,Female,1983
26224,Verney,Kupker,vkupkerhb@unblog.fr,Male,1980
27856,Nestor,Dell Casa,ndellcasahc@hc360.com,Male,1926
29933,Elaina,Lomasna,elomasnahd@instagram.com,Female,1969
23928,Harlene,Dabbs,hdabbshe@aboutads.info,Female,1922
27472,Mariele,Bysouth,mbysouthhf@uol.com.br,Female,1938
25081,Bertrand,Henriquet,bhenriquethg@joomla.org,Male,1947
27368,Kassey,Goldsworthy,kgoldsworthyhh@goo.gl,Female,1973
26333,Dael,Beincken,dbeinckenhi@zimbio.com,Male,1921
29881,Aggi,Mariner,amarinerhj@so-net.ne.jp,Female,1922
29271,Ives,Kevern,ikevernhk@apple.com,Male,1983
23408,Dominick,Woolger,dwoolgerhl@senate.gov,Male,1926
27105,Araldo,Maleney,amaleneyhm@archive.org,Male,2006
22654,Aloysia,Casaccia,acasacciahn@hibu.com,Genderqueer,1959
27906,Lizbeth,Haster,lhasterho@thetimes.co.uk,Female,1982
28322,Amaleta,Shankland,ashanklandhp@usnews.com,Female,1940
23738,Bernardine,Cambling,bcamblinghq@scientificamerican.com,Female,1974
25874,Corine,Nisby,cnisbyhr@mayoclinic.com,Genderqueer,1921
21067,Dagmar,Shillitto,dshillittohs@macromedia.com,Female,1932
29194,Alberto,Bromhead,abromheadht@discovery.com,Polygender,1954
22133,Giovanna,Vyvyan,gvyvyanhu@people.com.cn,Female,1921
28654,Marcellina,Madre,mmadrehv@51.la,Female,1978
20043,Freddy,Dybald,fdybaldhw@independent.co.uk,Female,1945
24420,Fields,Woakes,fwoakeshx@indiatimes.com,Male,1928
29399,Isador,Courage,icouragehy@yelp.com,Male,1931
24476,Jackqueline,Ricart,jricarthz@patch.com,Female,2001
20280,Chuck,MacFayden,cmacfaydeni0@freewebs.com,Male,1937
22999,Tiffanie,Sucre,tsucrei1@paginegialle.it,Female,1976
24701,Jackelyn,Gellately,jgellatelyi2@census.gov,Genderqueer,2008
29147,Maxy,Longmuir,mlongmuiri3@creativecommons.org,Male,1947
29791,Luisa,Mico,lmicoi4@usnews.com,Female,1927
28185,Gwynne,Stoffel,gstoffeli5@sourceforge.net,Female,1977
20652,Mead,Ouldcott,mouldcotti6@baidu.com,Male,1957
25727,Jason,Langhorn,jlanghorni7@accuweather.com,Male,2002
27159,Irwin,McLise,imclisei8@feedburner.com,Male,1931
27971,Sebastian,Ronaldson,sronaldsoni9@tamu.edu,Male,1957
26867,Jodi,Llewelyn,jllewelynia@newyorker.com,Female,1982
24476,Pembroke,Shimwall,pshimwallib@google.ru,Male,1993
29051,Price,MacPeice,pmacpeiceic@paginegialle.it,Male,1998
26364,Kory,Troak,ktroakid@nsw.gov.au,Male,1967
27037,Rourke,Farnes,rfarnesie@deliciousdays.com,Male,1923
22016,Rinaldo,Davydoch,rdavydochif@miitbeian.gov.cn,Male,1965
21847,Alverta,Rotte,arotteig@cornell.edu,Female,2007
26817,Lorena,Naulls,lnaullsih@archive.org,Female,1933
26350,Devlen,Bosdet,dbosdetii@hatena.ne.jp,Male,1983
27123,Donavon,Desport,ddesportij@china.com.cn,Male,1962
24219,Brice,Corby,bcorbyik@lulu.com,Male,1972
24150,Tamiko,Gilphillan,tgilphillanil@timesonline.co.uk,Female,1936
28184,Ryley,Stemp,rstempim@imdb.com,Agender,1935
29288,Prudi,Pettipher,ppettipherin@latimes.com,Female,1988
24913,Ephraim,Philbrook,ephilbrookio@newsvine.com,Male,1992
25297,Daniela,Copperwaite,dcopperwaiteip@nsw.gov.au,Female,1923
20377,Harmon,Povele,hpoveleiq@slashdot.org,Agender,1975
24040,Francisco,Bridgeland,fbridgelandir@zimbio.com,Male,1928
28816,Morganica,Hercules,mherculesis@rakuten.co.jp,Female,1950
22006,Meggi,Filchakov,mfilchakovit@archive.org,Female,2003
23496,Lizabeth,Winsom,lwinsomiu@privacy.gov.au,Female,2009
22879,Charyl,Denty,cdentyiv@unesco.org,Female,1939
23348,Kirby,Rubinchik,krubinchikiw@ucoz.com,Non-binary,1926
22560,Irving,Minico,iminicoix@hatena.ne.jp,Polygender,1976
20839,Gweneth,Pozer,gpozeriy@woothemes.com,Female,1978
26226,Portia,Petrus,ppetrusiz@redcross.org,Female,1992
24985,Suzie,Wooffitt,swooffittj0@jiathis.com,Female,1980
22360,Wye,Troth,wtrothj1@cdc.gov,Agender,1957
28738,Morissa,Kyston,mkystonj2@imageshack.us,Female,1972
21169,Sophia,Balassa,sbalassaj3@vk.com,Non-binary,2008
20416,Dud,Stanbury,dstanburyj4@storify.com,Male,1974
20761,Tanya,Pochet,tpochetj5@360.cn,Female,1995
28113,Gaile,Gionettitti,ggionettittij6@mail.ru,Male,1949
23021,Mallory,Gawn,mgawnj7@moonfruit.com,Genderfluid,1980
26465,Shell,Sinkins,ssinkinsj8@networksolutions.com,Male,1954
20911,Dene,Zambon,dzambonj9@mysql.com,Male,1934
24465,Kirk,Rodell,krodellja@issuu.com,Male,1931
29145,Schuyler,Roj,srojjb@google.es,Male,1999
25594,Minne,Strood,mstroodjc@mit.edu,Female,2000
28747,Burke,Fetherby,bfetherbyjd@w3.org,Male,2008
25493,Biron,Goldstein,bgoldsteinje@abc.net.au,Male,1933
24973,Madlin,Varker,mvarkerjf@amazon.co.uk,Female,1934
24128,Neely,Powell,npowelljg@yellowbook.com,Female,1956
28529,Zaneta,McGeaney,zmcgeaneyjh@liveinternet.ru,Female,1933
29905,Ofelia,McEvilly,omcevillyji@aboutads.info,Female,1930
23268,Stirling,Shields,sshieldsjj@tripod.com,Male,1933
22126,Colby,Beards,cbeardsjk@timesonline.co.uk,Male,1922
21975,Selby,Mully,smullyjl@amazon.co.uk,Male,2005
20048,Owen,Cunnane,ocunnanejm@soundcloud.com,Male,1946
29858,Edee,Neal,enealjn@shareasale.com,Female,1962
29227,Nico,MacNess,nmacnessjo@nifty.com,Male,1957
24793,Towney,Keepence,tkeepencejp@shop-pro.jp,Male,1922
22047,Viv,Crabb,vcrabbjq@independent.co.uk,Female,1974
25794,Montague,Mearing,mmearingjr@phpbb.com,Polygender,1961
29665,Corabelle,Fingleton,cfingletonjs@google.co.uk,Female,1997
23333,Lucy,De Benedetti,ldebenedettijt@apple.com,Female,1936
21085,Niki,Mulbery,nmulberyju@youtu.be,Female,1940
22047,Yvette,Lohrensen,ylohrensenjv@va.gov,Female,1941
27095,Paxon,Palleske,ppalleskejw@huffingtonpost.com,Male,1981
23354,Ruth,Itzkovitch,ritzkovitchjx@gmpg.org,Female,1997
29895,Philipa,Mougel,pmougeljy@biblegateway.com,Genderfluid,1940
22199,Jarrad,Pucknell,jpucknelljz@nyu.edu,Male,1987
26285,Abeu,Ladbrooke,aladbrookek0@admin.ch,Male,1964
24815,Krystal,Kobu,kkobuk1@unesco.org,Female,2009
27404,Sena,Earl,searlk2@economist.com,Female,1931
21207,Minnnie,Bunting,mbuntingk3@nasa.gov,Female,1942
28100,Miran,Klimowski,mklimowskik4@dyndns.org,Female,1939
21789,Marve,Landa,mlandak5@unicef.org,Male,1979
21994,Standford,Monkhouse,smonkhousek6@i2i.jp,Male,2007
24778,Donavon,Wyeld,dwyeldk7@hatena.ne.jp,Male,1941
29739,Katya,Piele,kpielek8@ft.com,Genderfluid,1985
21716,Ruthie,Traske,rtraskek9@elegantthemes.com,Female,2002
23170,Roderick,Pepler,rpeplerka@imgur.com,Male,1993
27913,Florette,Dimitru,fdimitrukb@posterous.com,Female,1969
24966,Blakeley,Sansome,bsansomekc@sbwire.com,Female,1922
23003,Alyce,Hitzke,ahitzkekd@upenn.edu,Female,1970
27399,Curr,De Giorgio,cdegiorgioke@statcounter.com,Male,1934
28645,Cassi,Humbee,chumbeekf@elpais.com,Female,2000
29012,Guilbert,Kliemchen,gkliemchenkg@tiny.cc,Male,2010
27346,Nanette,Boorman,nboormankh@sphinn.com,Female,1977
28735,Carlin,Currey,ccurreyki@amazonaws.com,Female,1933
21874,Brinna,Fitzgerald,bfitzgeraldkj@weebly.com,Female,1958
25454,Linda,Servante,lservantekk@springer.com,Female,1939
23429,Wadsworth,Haigh,whaighkl@liveinternet.ru,Male,1922
28802,Bar,Kynder,bkynderkm@bandcamp.com,Male,1992
26476,Samuel,Samet,ssametkn@yahoo.com,Male,1960
25056,Lucy,Raven,lravenko@bloglovin.com,Female,1951
21340,Kort,Kurtis,kkurtiskp@mtv.com,Male,1951
27176,Wood,Pinkerton,wpinkertonkq@un.org,Male,1929
21259,Ichabod,Morrell,imorrellkr@alexa.com,Male,1978
24872,Marianna,Romans,mromansks@princeton.edu,Non-binary,1965
20179,Alfonse,Longmead,alongmeadkt@instagram.com,Male,1991
22209,Ramsey,Chalker,rchalkerku@imageshack.us,Male,1966
29537,Giffard,Midson,gmidsonkv@elpais.com,Male,1960
25838,Connor,Whalley,cwhalleykw@tuttocitta.it,Male,1966
22362,Clint,Geekin,cgeekinkx@free.fr,Male,1984
22768,Tan,Goss,tgossky@wordpress.com,Bigender,1991
27043,Cull,Teodori,cteodorikz@house.gov,Male,1974
25272,Jaquenette,Assiter,jassiterl0@cnet.com,Female,1927
29277,Chrysler,Bollen,cbollenl1@imdb.com,Female,1990
21807,Gabbie,Ubsdall,gubsdalll2@oaic.gov.au,Female,1950
26808,Wylma,Pech,wpechl3@alibaba.com,Female,1995
24631,Clara,Bernardy,cbernardyl4@blogtalkradio.com,Female,2010
25524,Fabiano,Olek,folekl5@issuu.com,Male,2006
20151,Krishna,D'Onise,kdonisel6@ihg.com,Male,1934
25221,Celeste,Spurdens,cspurdensl7@creativecommons.org,Female,1921
23965,Madison,Obert,mobertl8@behance.net,Male,1957
26608,Jo-anne,Hamelyn,jhamelynl9@examiner.com,Female,1959
20743,West,Dogerty,wdogertyla@dyndns.org,Male,1982
23897,Dalton,Faithfull,dfaithfulllb@behance.net,Male,1944
27666,Jerrome,Fallow,jfallowlc@dyndns.org,Male,1971
22147,Rebecca,Whitemarsh,rwhitemarshld@fc2.com,Female,1932
25498,Beret,Seebright,bseebrightle@posterous.com,Female,2003
28841,Win,Volcker,wvolckerlf@histats.com,Male,1939
23227,Lesley,Nelius,lneliuslg@ask.com,Male,1968
29471,Stevie,Edgington,sedgingtonlh@cisco.com,Male,1925
20962,Con,Nelsey,cnelseyli@gmpg.org,Male,1959
26319,Konstanze,Sterry,ksterrylj@fema.gov,Female,1968
26550,Elberta,Excell,eexcelllk@shop-pro.jp,Female,1998
23278,Maxwell,Botterill,mbotterillll@aboutads.info,Male,1984
27655,Brooke,Gibbins,bgibbinslm@cyberchimps.com,Male,1987
22878,Korella,Madill,kmadillln@homestead.com,Female,1958
26814,Mavis,Norwood,mnorwoodlo@issuu.com,Female,1999
29519,Georgiana,Bygreaves,gbygreaveslp@gmpg.org,Female,1948
25872,Filip,Casado,fcasadolq@hud.gov,Male,1995
27772,Thornie,Lainton,tlaintonlr@spotify.com,Male,1983
21768,Brook,Gludor,bgludorls@geocities.jp,Genderqueer,1957
28299,Ailey,Clewarth,aclewarthlt@drupal.org,Female,1988
25099,Susann,Papps,spappslu@so-net.ne.jp,Female,1924
21595,Salmon,Feechan,sfeechanlv@shutterfly.com,Male,1996
20699,Maurie,Burkinshaw,mburkinshawlw@hc360.com,Genderfluid,1982
20253,Paquito,Dowse,pdowselx@twitpic.com,Genderfluid,1930
21038,Yolande,Bartusek,ybartusekly@tmall.com,Genderfluid,1968
20456,Rochell,Odcroft,rodcroftlz@earthlink.net,Female,1986
25877,Valerie,Mc Dermid,vmcdermidm0@stumbleupon.com,Female,1971
22803,Zahara,Ventam,zventamm1@cargocollective.com,Female,1993
23448,Delinda,Warsap,dwarsapm2@plala.or.jp,Female,2005
28548,Greer,Prinett,gprinettm3@dedecms.com,Female,1940
23004,Roma,Pirrey,rpirreym4@sina.com.cn,Male,1984
26823,Yanaton,Obray,yobraym5@msu.edu,Male,2006
25486,Vevay,Van Der Weedenburg,vvanderweedenburgm6@de.vu,Female,1974
24385,Florance,Braddick,fbraddickm7@businesswire.com,Female,1929
25602,Chiquia,Pawling,cpawlingm8@answers.com,Female,1976
24782,Joey,Duligal,jduligalm9@statcounter.com,Female,1935
29455,Redford,Rennard,rrennardma@clickbank.net,Male,1987
26298,Tiertza,Clandillon,tclandillonmb@earthlink.net,Female,1948
21747,Opaline,Trembath,otrembathmc@amazonaws.com,Female,1928
24997,Drusilla,Bastock,dbastockmd@naver.com,Female,1979
27721,Estel,Bonnell,ebonnellme@seesaa.net,Female,1940
28307,Ludovika,Panswick,lpanswickmf@slate.com,Female,1934
29396,Roana,Threadgall,rthreadgallmg@ehow.com,Female,1995
24720,Ulla,Hullin,uhullinmh@joomla.org,Female,2001
24491,Dolph,Johananoff,djohananoffmi@epa.gov,Non-binary,2007
29032,Byrann,Antonescu,bantonescumj@joomla.org,Male,1935
23240,Bert,Waldrum,bwaldrummk@nyu.edu,Female,1963
22295,Eydie,Dean,edeanml@arstechnica.com,Female,1932
25163,Tildi,Sellens,tsellensmm@timesonline.co.uk,Female,1993
23085,Flossy,Mobius,fmobiusmn@fda.gov,Female,1988
28151,Wilmer,Bridal,wbridalmo@elegantthemes.com,Male,1959
20881,Clementia,Christmas,cchristmasmp@acquirethisname.com,Female,1920
27686,Jodee,Blakesley,jblakesleymq@alexa.com,Female,2007
21557,Kinny,Pernell,kpernellmr@huffingtonpost.com,Male,1990
27585,Worth,Guidini,wguidinims@youtu.be,Male,1943
28760,Stanley,Hammand,shammandmt@networksolutions.com,Male,2006
24921,Dix,Houseman,dhousemanmu@diigo.com,Female,1923
29335,Darnall,Goane,dgoanemv@cdbaby.com,Male,1920
28541,Wang,Philippon,wphilipponmw@economist.com,Male,1991
25530,Nobie,Chester,nchestermx@thetimes.co.uk,Male,1932
22674,Rriocard,Freshwater,rfreshwatermy@diigo.com,Male,1925
23739,Baron,Farrants,bfarrantsmz@soundcloud.com,Male,1945
24292,Claudell,Curgenuer,ccurgenuern0@thetimes.co.uk,Male,1989
25595,Christophorus,Slayny,cslaynyn1@chron.com,Male,1944
29871,Joanie,Maddin,jmaddinn2@hhs.gov,Female,1930
20510,Tiler,McCarron,tmccarronn3@google.ca,Male,1957
20125,Gabie,Pieterick,gpieterickn4@cargocollective.com,Male,2006
26450,Lorinda,Zoppie,lzoppien5@domainmarket.com,Genderqueer,1920
24104,Skelly,Awmack,sawmackn6@lulu.com,Male,1948
23735,Terrell,Rugg,truggn7@issuu.com,Male,1950
26617,Hank,Masson,hmassonn8@t.co,Male,1954
29157,Turner,Wetherill,twetherilln9@comcast.net,Male,1932
29155,Leda,D'Onisi,ldonisina@sitemeter.com,Female,1961
20828,Kermy,Philot,kphilotnb@issuu.com,Male,1928
20053,Killian,O'Sirin,kosirinnc@lycos.com,Male,1933
20388,Marlyn,Neild,mneildnd@discovery.com,Female,2008
23555,Dorella,Blucher,dblucherne@opera.com,Agender,1940
24413,Tiebold,Snuggs,tsnuggsnf@yellowpages.com,Male,1933
25637,Gaile,Collet,gcolletng@rambler.ru,Genderfluid,1967
25728,Hort,Burthom,hburthomnh@cbslocal.com,Male,1998
28660,Blithe,Camilletti,bcamillettini@cdc.gov,Non-binary,1942
21336,Ynes,Strond,ystrondnj@bizjournals.com,Female,1973
23838,Aurilia,Adne,aadnenk@tuttocitta.it,Female,1967
24543,Ruprecht,d' Eye,rdeyenl@ning.com,Genderfluid,1945
21472,Dannel,Frazer,dfrazernm@barnesandnoble.com,Male,1933
26798,Stern,Pellman,spellmannn@discuz.net,Male,1978
21871,Cary,Howick,chowickno@youtu.be,Polygender,1957
20192,Stephan,Heintzsch,sheintzschnp@g.co,Male,1966
27420,Matilda,Chestnutt,mchestnuttnq@oaic.gov.au,Female,1965
21883,Baxie,Pennicard,bpennicardnr@weebly.com,Male,1993
23766,Krishnah,Woolmer,kwoolmerns@seattletimes.com,Male,1967
20742,Jamill,Charrier,jcharriernt@weebly.com,Male,1968
22324,Earlie,Fosten,efostennu@bloglovin.com,Male,1960
21594,Catina,Kitley,ckitleynv@pen.io,Polygender,1936
29516,Wright,Crumbie,wcrumbienw@hatena.ne.jp,Male,1960
25292,Cyrillus,Eidelman,ceidelmannx@feedburner.com,Male,1958
23033,Bird,Thraves,bthravesny@blogger.com,Female,1984
24216,Cos,Lambol,clambolnz@163.com,Male,1973
23163,Dallas,Broxholme,dbroxholmeo0@symantec.com,Female,1960
22145,Hanna,Dulanty,hdulantyo1@addtoany.com,Genderqueer,1974
29125,Harbert,Zmitrovich,hzmitrovicho2@dedecms.com,Male,2000
23429,Emlyn,Cregg,ecreggo3@nydailynews.com,Male,1956
28053,Charleen,Danieli,cdanielio4@diigo.com,Female,1920
24823,Burton,Aldie,baldieo5@shareasale.com,Male,1970
26491,Cassandra,Rodriguez,crodriguezo6@vk.com,Female,1995
29063,Willy,Abbotts,wabbottso7@chronoengine.com,Male,1931
29321,Dahlia,Houlden,dhouldeno8@washington.edu,Female,2007
25193,Rutter,Bartoleyn,rbartoleyno9@arstechnica.com,Polygender,2005
20876,Jelene,Borless,jborlessoa@woothemes.com,Female,1938
28431,Margarethe,Sewart,msewartob@webmd.com,Female,1992
28059,Osborn,Crinson,ocrinsonoc@51.la,Male,1926
22891,Philomena,Davidove,pdavidoveod@blogspot.com,Female,1989
26347,Gaven,Chevin,gchevinoe@youtube.com,Male,1987
29664,Odo,Szapiro,oszapiroof@bloglines.com,Male,1976
27151,Olia,De la Harpe,odelaharpeog@ow.ly,Female,1952
20168,Thaxter,Adolfson,tadolfsonoh@tamu.edu,Male,1987
24642,Rustie,Fothergill,rfothergilloi@webeden.co.uk,Male,1999
20844,Madge,Sprosson,msprossonoj@tripod.com,Female,1923
22449,Killy,Swatheridge,kswatheridgeok@myspace.com,Male,2010
29139,Randa,Tolliday,rtollidayol@salon.com,Female,1962
25083,Dom,Grzeskowski,dgrzeskowskiom@hhs.gov,Male,1951
25469,Iona,Dunnan,idunnanon@ihg.com,Female,1934
29569,Maybelle,McMurdo,mmcmurdooo@yandex.ru,Female,1967
21840,Rebbecca,Boissieux,rboissieuxop@mail.ru,Female,1926
24303,Jarret,Feldmann,jfeldmannoq@digg.com,Male,1990
21082,Garrott,Christophersen,gchristophersenor@skyrock.com,Male,1972
29212,Danella,Gurrado,dgurradoos@hostgator.com,Female,1998
23253,Thomas,Jilkes,tjilkesot@independent.co.uk,Male,1951
28847,Elsa,Quakley,equakleyou@microsoft.com,Non-binary,1989
27248,Rene,Summons,rsummonsov@homestead.com,Female,1975
27372,Toby,Henrichsen,thenrichsenow@hibu.com,Male,1925
23799,Theo,Robberecht,trobberechtox@paginegialle.it,Female,1979
26758,Abbye,Blofield,ablofieldoy@cbslocal.com,Female,1932
24077,Gerty,Chalkly,gchalklyoz@google.es,Female,1994
21800,Gates,Spargo,gspargop0@house.gov,Female,1981
28588,Yves,Massen,ymassenp1@answers.com,Male,2000
22352,Anitra,Sifleet,asifleetp2@newsvine.com,Female,1989
25842,Julian,Cavan,jcavanp3@nytimes.com,Male,1978
21509,Blisse,Croyser,bcroyserp4@google.nl,Female,1976
22895,Ervin,Waycott,ewaycottp5@eventbrite.com,Male,1957
26109,Ros,Wellstead,rwellsteadp6@meetup.com,Female,1924
29807,Burch,Upson,bupsonp7@china.com.cn,Male,1949
23793,Ashlen,Wanstall,awanstallp8@cbsnews.com,Female,1982
20555,Cchaddie,Lawson,clawsonp9@businessinsider.com,Male,1963
23099,Verge,Rawes,vrawespa@com.com,Male,1973
24734,Richardo,Ivanishin,rivanishinpb@usda.gov,Male,1961
29074,Tova,Grainge,tgraingepc@smh.com.au,Female,2004
27221,Filmore,Nock,fnockpd@altervista.org,Male,1980
25004,Herbert,Pether,hpetherpe@com.com,Male,1927
22449,Jervis,Kettlestringe,jkettlestringepf@skype.com,Agender,1931
29123,Ahmed,Joss,ajosspg@live.com,Male,2004
28575,Tracie,Chave,tchaveph@howstuffworks.com,Male,1928
23013,Gay,Tutchell,gtutchellpi@craigslist.org,Male,1943
23285,Alfons,de Nore,adenorepj@delicious.com,Male,1995
28306,Florina,Imore,fimorepk@flickr.com,Female,1935
23748,Lorens,Brooke,lbrookepl@typepad.com,Male,1945
27541,Ted,Coleman,tcolemanpm@last.fm,Female,1997
22581,Rogerio,Gilchrist,rgilchristpn@amazon.com,Male,1980
20307,Sax,Yuille,syuillepo@tiny.cc,Male,1935
27159,Edyth,Lemerie,elemeriepp@bing.com,Female,1995
28343,Ferdie,Simione,fsimionepq@reddit.com,Male,1999
26957,Nickola,Tollmache,ntollmachepr@cloudflare.com,Male,1949
20061,Dido,Dommersen,ddommersenps@rediff.com,Female,1974
25540,Cariotta,Comino,ccominopt@redcross.org,Female,1971
21103,Jacquelynn,Starten,jstartenpu@uiuc.edu,Female,1983
24653,Bobbi,Musson,bmussonpv@t.co,Female,1921
26889,Tristan,Seivertsen,tseivertsenpw@shutterfly.com,Male,1987
26975,Niall,Pilkington,npilkingtonpx@mashable.com,Male,1930
23791,Trever,Leverson,tleversonpy@miitbeian.gov.cn,Male,1970
23214,Karoly,Danilov,kdanilovpz@huffingtonpost.com,Male,1921
28471,Avie,Rosingdall,arosingdallq0@gravatar.com,Female,1921
29752,Niels,Kless,nklessq1@indiatimes.com,Male,1970
20936,Sherwin,Sleford,sslefordq2@moonfruit.com,Male,2005
22051,Hermann,Grugerr,hgrugerrq3@list-manage.com,Male,1923
26184,Caleb,Venus,cvenusq4@un.org,Male,1984
21046,Ban,Cordey,bcordeyq5@qq.com,Male,1971
24447,Brockie,Mewett,bmewettq6@istockphoto.com,Male,1990
24783,Darell,Elce,delceq7@house.gov,Female,1967
28106,Emmi,Rutherforth,erutherforthq8@bravesites.com,Agender,1998
22680,Isadora,Tulley,itulleyq9@marketwatch.com,Female,1983
28319,Goddart,Stonall,gstonallqa@dyndns.org,Male,1946
25350,Cecilla,Freen,cfreenqb@squidoo.com,Female,1956
26843,Melisande,Croughan,mcroughanqc@guardian.co.uk,Female,1924
26450,Cathe,Priddle,cpriddleqd@cam.ac.uk,Genderfluid,2005
23834,Russ,Stirling,rstirlingqe@utexas.edu,Male,1967
23267,August,Livings,alivingsqf@nps.gov,Male,1930
21190,Renato,Henrionot,rhenrionotqg@berkeley.edu,Male,1999
29765,Mano,Agget,maggetqh@narod.ru,Male,2009
28788,Temple,Tydd,ttyddqi@naver.com,Male,1959
24139,Rosmunda,McMeyler,rmcmeylerqj@un.org,Female,1934
22498,Mandy,Morritt,mmorrittqk@tamu.edu,Female,1989
21588,Cecily,Scafe,cscafeql@ocn.ne.jp,Female,1991
27046,Rafferty,Wyness,rwynessqm@home.pl,Male,1969
24435,Celie,Crates,ccratesqn@bizjournals.com,Female,1922
28377,Jacquenetta,O'Luby,jolubyqo@foxnews.com,Female,2000
21710,Celene,Eagar,ceagarqp@cnbc.com,Female,1931
20487,Elizabet,Fishburn,efishburnqq@deliciousdays.com,Female,1996
28378,Bennett,Scholcroft,bscholcroftqr@ocn.ne.jp,Male,1950
25382,Evaleen,Chilcott,echilcottqs@economist.com,Female,2006
26465,Eustace,Milmore,emilmoreqt@google.ca,Male,1996
29091,Verena,D'Hooge,vdhoogequ@soup.io,Female,1974
27803,Christabel,Kerrane,ckerraneqv@gov.uk,Female,1975
27716,Lydia,Dudin,ldudinqw@unesco.org,Female,1937
22926,Giusto,McLaggan,gmclagganqx@skyrock.com,Male,1967
21305,Blythe,Janowski,bjanowskiqy@phpbb.com,Female,1933
27480,Cassie,Toolan,ctoolanqz@123-reg.co.uk,Male,1991
21255,Kristoforo,Reddihough,kreddihoughr0@cpanel.net,Bigender,2007
24991,Benson,McGarrie,bmcgarrier1@blogtalkradio.com,Male,1922
25867,Brigg,Silvester,bsilvesterr2@ocn.ne.jp,Male,2000
20520,Binny,Dreng,bdrengr3@diigo.com,Non-binary,1922
29191,Alanah,Briance,abriancer4@360.cn,Female,1942
24984,Ardelle,Bettenson,abettensonr5@mayoclinic.com,Female,1927
29809,Mufi,Richardon,mrichardonr6@wordpress.org,Genderfluid,1991
29587,Dawna,Ander,danderr7@miibeian.gov.cn,Female,1974
29871,Davidde,Dufton,dduftonr8@youtube.com,Male,1961
24176,Madelina,Lovelace,mlovelacer9@shutterfly.com,Female,2001
26142,Cornelle,Flute,cflutera@umn.edu,Female,1992
25966,Robina,Syratt,rsyrattrb@ucsd.edu,Female,1994
29653,Jamison,Wanden,jwandenrc@umich.edu,Male,1967
22853,Gwyn,Matei,gmateird@elegantthemes.com,Female,1941
27457,Jsandye,Allred,jallredre@wordpress.org,Female,1995
29019,Angelia,Doore,adoorerf@google.com.br,Female,1976
23504,Onofredo,Norssister,onorssisterrg@artisteer.com,Male,1971
29674,Madeleine,Rubinowitch,mrubinowitchrh@123-reg.co.uk,Female,1921
21701,Demetrius,Kummerlowe,dkummerloweri@g.co,Male,2009
26498,Aguistin,Goble,agoblerj@xing.com,Male,1986
21558,Katti,Licciardiello,klicciardiellork@ezinearticles.com,Female,1936
27674,Ulrike,Lasselle,ulassellerl@earthlink.net,Female,2005
20053,Robina,Kidney,rkidneyrm@feedburner.com,Female,1999
28121,Kendal,Chaim,kchaimrn@ezinearticles.com,Male,1925
25134,Jena,Hartigan,jhartiganro@sakura.ne.jp,Genderqueer,2005
24549,Myrna,Lea,mlearp@nifty.com,Female,1955
25116,Theo,Hebble,thebblerq@economist.com,Female,1965
28196,Parrnell,Piggens,ppiggensrr@examiner.com,Male,1938
