library_card_id,first_name,last_name,email,gender,birth_year
37680,Yard,Leishman,yleishman0@twitpic.com,Male,2007
34006,Rabbi,Folder,rfolder1@addthis.com,Male,1956
38051,Nani,Marvin,nmarvin2@bloglines.com,Female,1991
33795,Lyndsie,Possa,lpossa3@senate.gov,Female,1990
30994,Drud,Jeannard,djeannard4@purevolume.com,Male,1963
36401,Falkner,Symper,fsymper5@blinklist.com,Male,1954
33327,Armando,Broek,abroek6@bing.com,Male,2001
39482,Hazel,Kubecka,hkubecka7@patch.com,Male,1985
39730,Timmi,Childerley,tchilderley8@senate.gov,Female,1953
35909,Bartholomeus,Redhouse,bredhouse9@chicagotribune.com,Male,1973
30212,Odele,Yellowlea,oyellowleaa@exblog.jp,Female,1993
30860,Judah,Coling,jcolingb@senate.gov,Genderqueer,1936
32900,Wilmer,Baroche,wbarochec@hatena.ne.jp,Male,2005
33718,Yurik,Gwyer,ygwyerd@cbc.ca,Male,1922
34956,Iseabal,Glabach,iglabache@nyu.edu,Female,1996
36325,Siobhan,Jeavon,sjeavonf@wikia.com,Female,1946
35267,Kevon,Amor,kamorg@google.it,Male,1965
39704,Lambert,Beedham,lbeedhamh@state.gov,Male,1925
32348,Cos,Bluett,cbluetti@google.cn,Male,1967
32153,Corliss,Coldicott,ccoldicottj@geocities.com,Female,1952
30658,Herta,Featherstonhalgh,hfeatherstonhalghk@narod.ru,Bigender,1964
36966,Nathalie,O'Connolly,noconnollyl@themeforest.net,Female,1964
34441,Randy,Shaudfurth,rshaudfurthm@google.com,Male,1963
34230,Cheryl,Brisley,cbrisleyn@apache.org,Female,1967
36431,Tibold,Byas,tbyaso@gmpg.org,Male,1921
36715,Shermie,Fardy,sfardyp@google.es,Male,1954
35301,Mercy,Kestle,mkestleq@upenn.edu,Non-binary,1992
37891,Liuka,Gilgryst,lgilgrystr@fc2.com,Female,1934
36382,Genevieve,Kunz,gkunzs@cam.ac.uk,Female,1954
30060,Kennan,Danielut,kdanielutt@arstechnica.com,Male,2004
35149,Bernie,Casarili,bcasariliu@clickbank.net,Male,1922
38782,Hyman,Mealiffe,hmealiffev@about.me,Male,1932
30633,Fowler,Havock,fhavockw@gov.uk,Male,1934
37361,Chip,Albisser,calbisserx@webs.com,Male,1932
38619,Karisa,Wolffers,kwolffersy@goo.gl,Female,1965
35614,Daria,Coopland,dcooplandz@springer.com,Female,1948
37599,Stevy,Martins,smartins10@t-online.de,Male,2004
39318,Denyse,Cropp,dcropp11@networkadvertising.org,Female,1946
32903,Davide,Calender,dcalender12@blog.com,Male,1925
36906,Base,Sleight,bsleight13@rambler.ru,Male,1963
35330,Llywellyn,Ochterlonie,lochterlonie14@admin.ch,Male,1923
37488,Lindy,Wissbey,lwissbey15@omniture.com,Male,1971
31635,Lynelle,Meers,lmeers16@dailymail.co.uk,Female,1929
34699,Lizzy,Kelk,lkelk17@ning.com,Female,2009
35157,Rosanna,Phibb,rphibb18@illinois.edu,Female,1954
30958,Eamon,Crumly,ecrumly19@blogspot.com,Male,1933
32861,Evelin,Welman,ewelman1a@canalblog.com,Male,2000
39019,Guthry,Lagne,glagne1b@examiner.com,Male,1930
32645,Nathalia,Corriea,ncorriea1c@arizona.edu,Female,1993
30155,Hewie,Peddersen,hpeddersen1d@samsung.com,Male,1958
35773,Deny,Ribou,dribou1e@rambler.ru,Agender,1950
30730,Bentlee,Vasyutochkin,bvasyutochkin1f@guardian.co.uk,Male,1927
37390,Cherrita,Iczokvitz,ciczokvitz1g@ibm.com,Female,1972
36133,Walsh,Sprott,wsprott1h@tiny.cc,Male,1940
30851,Kingsley,Kerss,kkerss1i@scientificamerican.com,Male,1981
35687,Deeanne,Greenard,dgreenard1j@google.com.au,Non-binary,1999
30747,Katey,McHarry,kmcharry1k@angelfire.com,Female,1956
37343,Monroe,Scollard,mscollard1l@symantec.com,Male,1946
35463,Jeni,Nunnery,jnunnery1m@techcrunch.com,Female,1953
31715,Rachelle,Billingsley,rbillingsley1n@webeden.co.uk,Female,1968
32102,Anestassia,Cozby,acozby1o@webs.com,Female,1951
36871,Viva,Strutz,vstrutz1p@technorati.com,Female,2009
39218,Leonanie,Mungane,lmungane1q@people.com.cn,Female,1961
31024,Reine,Casarino,rcasarino1r@dmoz.org,Female,1947
31017,Iosep,Truckell,itruckell1s@hostgator.com,Male,1975
35912,Kalli,Champniss,kchampniss1t@weibo.com,Female,1984
35806,Cherrita,Hurdis,churdis1u@vkontakte.ru,Polygender,2004
36960,Livia,Giriardelli,lgiriardelli1v@netlog.com,Female,1923
32641,Wyatt,Smissen,wsmissen1w@soup.io,Male,1956
38311,Andros,Searson,asearson1x@flickr.com,Bigender,2008
36248,Glad,Miskin,gmiskin1y@baidu.com,Female,1946
35491,Goober,Murie,gmurie1z@wordpress.com,Male,1961
34196,Brenn,Igo,bigo20@fotki.com,Female,1950
36362,Ailsun,Raspin,araspin21@toplist.cz,Female,2010
32144,Karlis,Tother,ktother22@xrea.com,Male,1996
32953,Lelia,Radoux,lradoux23@google.it,Female,1941
39951,Delano,Rosin,drosin24@usa.gov,Male,1922
37644,Karisa,Foyle,kfoyle25@latimes.com,Female,2010
36472,Nicolis,Jamary,njamary26@histats.com,Male,1984
30541,Alford,Beardsall,abeardsall27@parallels.com,Male,1964
34543,Sax,While,swhile28@ow.ly,Bigender,1971
31101,Krystle,Laboune,klaboune29@theglobeandmail.com,Female,1933
39536,Grata,Arthy,garthy2a@youtube.com,Female,1933
34790,Erda,Reeve,ereeve2b@ibm.com,Female,1942
34239,Tanney,Kirton,tkirton2c@independent.co.uk,Male,1989
35171,Trstram,Sibborn,tsibborn2d@europa.eu,Male,1951
35387,Stillmann,Cockshoot,scockshoot2e@webmd.com,Genderfluid,1982
36612,Amil,Clemoes,aclemoes2f@nhs.uk,Female,1982
38267,Thorin,Aldin,taldin2g@wp.com,Male,1963
31739,Raimund,Benasik,rbenasik2h@uiuc.edu,Male,1968
33691,Judas,Ryle,jryle2i@wikia.com,Male,1949
35102,Luce,Capsey,lcapsey2j@livejournal.com,Male,1971
34100,Lutero,Asp,lasp2k@disqus.com,Male,2003
33371,Alaster,Mauchline,amauchline2l@ucla.edu,Male,2009
31172,Baily,Bachshell,bbachshell2m@moonfruit.com,Male,1946
31413,Fayette,Tomlins,ftomlins2n@stanford.edu,Agender,1943
35659,Orlan,Pittway,opittway2o@odnoklassniki.ru,Male,1976
37005,Joseph,Haile,jhaile2p@cocolog-nifty.com,Male,2005
37865,Rodrique,De Wolfe,rdewolfe2q@toplist.cz,Male,1953
30810,Margarita,Aggett,maggett2r@cdbaby.com,Polygender,2004
34295,Reg,Meech,rmeech2s@hud.gov,Male,1924
30906,Eberto,Dallimare,edallimare2t@bluehost.com,Male,1951
32025,Tannie,Paish,tpaish2u@salon.com,Non-binary,1935
36857,Ken,Penwright,kpenwright2v@ibm.com,Male,1968
30729,Gifford,Lippett,glippett2w@google.pl,Male,1929
33818,Lexy,Kuzemka,lkuzemka2x@craigslist.org,Female,1973
33502,Kendrick,Ballendine,kballendine2y@tripadvisor.com,Male,2005
38565,Dorothee,Bispham,dbispham2z@biblegateway.com,Female,1976
34602,Mareah,McRannell,mmcrannell30@reverbnation.com,Female,1938
34974,Alic,Marmyon,amarmyon31@bandcamp.com,Male,1946
36215,Gran,Carnachen,gcarnachen32@bluehost.com,Male,1960
32485,Matthiew,Kersey,mkersey33@sohu.com,Male,1963
37887,Gillan,Geaveny,ggeaveny34@dagondesign.com,Female,1951
32352,Brennan,Pickett,bpickett35@altervista.org,Male,1972
32568,Erhart,Phinnis,ephinnis36@miitbeian.gov.cn,Polygender,1960
34757,Delly,Tumilson,dtumilson37@canalblog.com,Agender,2004
34987,Maryellen,Kunkel,mkunkel38@theatlantic.com,Female,2009
37228,Agretha,Lemin,alemin39@com.com,Female,1930
33880,Luis,Entissle,lentissle3a@google.co.jp,Male,1926
38144,Cherlyn,Cowerd,ccowerd3b@elegantthemes.com,Female,1930
34245,Shane,Heis,sheis3c@plala.or.jp,Female,1998
30734,Clint,Flanner,cflanner3d@tripod.com,Male,1963
32939,Finn,Gaish,fgaish3e@gov.uk,Male,1967
39131,Matilde,Kearey,mkearey3f@ca.gov,Female,1948
30250,Loutitia,Franies,lfranies3g@hatena.ne.jp,Female,1943
38758,Merissa,Ebdin,mebdin3h@ca.gov,Female,1973
38612,Olva,Seyffert,oseyffert3i@a8.net,Female,1937
30680,Barri,Kinlock,bkinlock3j@hhs.gov,Male,1990
37141,Aida,Thompkins,athompkins3k@cdc.gov,Female,1966
33985,Hi,Pallatina,hpallatina3l@blog.com,Male,1965
37393,Lane,MacNess,lmacness3m@ted.com,Male,1995
39059,Phillipp,Ryan,pryan3n@usda.gov,Male,1947
35910,Myriam,Bedbrough,mbedbrough3o@issuu.com,Female,1951
33997,Lethia,Degli Antoni,ldegliantoni3p@canalblog.com,Female,1971
30957,Barbey,Marney,bmarney3q@scribd.com,Female,1942
37633,Kaspar,Van Saltsberg,kvansaltsberg3r@joomla.org,Male,1940
39769,Mildred,Wellesley,mwellesley3s@bandcamp.com,Female,1981
36884,Jennica,MacCallester,jmaccallester3t@webnode.com,Female,1935
30170,Stanislaus,Porch,sporch3u@ameblo.jp,Male,1940
33114,Jeni,Ten Broek,jtenbroek3v@quantcast.com,Female,1920
39044,Loy,Rafe,lrafe3w@godaddy.com,Male,2002
31505,Alejandrina,Vann,avann3x@cdc.gov,Female,1921
30221,Rodd,Castle,rcastle3y@indiatimes.com,Male,1931
30721,Myrtice,Fidock,mfidock3z@sakura.ne.jp,Female,2004
38860,Bertrand,Josephson,bjosephson40@npr.org,Male,1965
35957,Brigitta,Filov,bfilov41@dion.ne.jp,Female,1988
32626,Gordie,Shreenan,gshreenan42@is.gd,Male,1992
30532,Teresina,Lymbourne,tlymbourne43@com.com,Female,1939
38606,Brady,Gaize,bgaize44@cyberchimps.com,Male,2001
37948,Felice,Barlace,fbarlace45@pagesperso-orange.fr,Female,1974
39930,Quintin,Beavers,qbeavers46@dailymail.co.uk,Male,1992
38863,Winnie,Napoleon,wnapoleon47@networksolutions.com,Male,1957
31300,Nevile,Langmaid,nlangmaid48@theglobeandmail.com,Male,1933
34082,Weylin,Emms,wemms49@qq.com,Male,1931
37809,Ivie,St. Quintin,istquintin4a@diigo.com,Female,1989
33468,Michele,Antonomolii,mantonomolii4b@usnews.com,Male,1945
34865,Christian,Tomala,ctomala4c@hhs.gov,Male,1969
37853,Uriel,Di Ruggero,udiruggero4d@ovh.net,Male,2005
35129,Vicky,Bloxholm,vbloxholm4e@purevolume.com,Female,1950
32025,Thorstein,McNirlan,tmcnirlan4f@i2i.jp,Male,1971
30460,Mendy,Splevins,msplevins4g@microsoft.com,Male,1958
34881,Roosevelt,Borland,rborland4h@networkadvertising.org,Male,1998
39709,Bryn,D'Hooge,bdhooge4i@163.com,Male,1943
37560,Suzanne,Washington,swashington4j@dmoz.org,Female,1995
35487,Leanna,Grieswood,lgrieswood4k@lulu.com,Female,1950
36419,Garland,Laurenson,glaurenson4l@tripadvisor.com,Female,1929
39770,Pearl,Mayes,pmayes4m@shop-pro.jp,Female,1968
30662,Marieann,Panks,mpanks4n@jimdo.com,Female,1963
30439,Loraine,Stillwell,lstillwell4o@si.edu,Female,1996
30985,Benetta,Loveless,bloveless4p@myspace.com,Female,1941
37366,Sapphire,Trematick,strematick4q@ftc.gov,Female,1977
39925,Laureen,Matieu,lmatieu4r@infoseek.co.jp,Female,1931
37481,Lorita,Oliff,loliff4s@scribd.com,Female,2000
38285,Tess,Richie,trichie4t@ibm.com,Female,1992
31903,Norbert,Ralph,nralph4u@meetup.com,Male,1953
35614,Katey,Castanyer,kcastanyer4v@opera.com,Female,1988
37978,Lucita,Dugood,ldugood4w@pbs.org,Female,1963
37558,Gardy,Cuthill,gcuthill4x@dmoz.org,Male,1977
38966,Diego,Yepiskopov,dyepiskopov4y@amazon.co.uk,Male,2009
31528,Iolanthe,Euston,ieuston4z@utexas.edu,Female,1941
38510,Cart,Ritmeyer,critmeyer50@washington.edu,Male,1963
36359,Leonora,Jephson,ljephson51@ft.com,Female,1941
35777,Lynnet,Bleibaum,lbleibaum52@t-online.de,Polygender,1972
35757,Drusilla,Powdrell,dpowdrell53@booking.com,Female,2002
39570,Yorgos,Evesque,yevesque54@paypal.com,Male,1945
36447,Kip,Regardsoe,kregardsoe55@tiny.cc,Male,1985
38006,Korie,Dandy,kdandy56@theatlantic.com,Female,1924
35073,Lisa,Lebarree,llebarree57@ted.com,Bigender,2005
32980,Annabel,Beseke,abeseke58@ft.com,Female,1985
30759,Florrie,Pimblett,fpimblett59@vimeo.com,Female,1974
34152,Leontyne,Barensen,lbarensen5a@tripadvisor.com,Female,1950
30424,Talia,Grindrod,tgrindrod5b@wired.com,Female,1968
37459,Hollis,Puttnam,hputtnam5c@histats.com,Male,1999
36973,Marchelle,Loan,mloan5d@opensource.org,Female,1956
34149,Dani,Fluger,dfluger5e@deliciousdays.com,Female,2009
36207,Adler,Tesyro,atesyro5f@ameblo.jp,Male,1937
31306,Skylar,Castellet,scastellet5g@prlog.org,Male,1921
31393,Zedekiah,Kolakovic,zkolakovic5h@huffingtonpost.com,Male,1987
31761,Zachery,Mordin,zmordin5i@desdev.cn,Male,2008
37173,Farlee,Lamcken,flamcken5j@sitemeter.com,Male,1942
31820,Pennie,Van Der Straaten,pvanderstraaten5k@fc2.com,Male,1961
37234,Kerianne,Mehew,kmehew5l@sbwire.com,Female,1968
38697,Tabatha,MacDuff,tmacduff5m@mashable.com,Female,1951
33539,Candice,Daveren,cdaveren5n@t-online.de,Female,1929
36637,Cecil,Thaxter,cthaxter5o@oracle.com,Male,1969
31784,Barby,Calyton,bcalyton5p@ucla.edu,Female,1992
33827,Leonora,Tiller,ltiller5q@linkedin.com,Female,1993
30811,Carley,Bosma,cbosma5r@dot.gov,Female,1973
31977,Ruth,Tuckerman,rtuckerman5s@loc.gov,Female,1921
35694,Selestina,Wylam,swylam5t@google.pl,Female,2007
31256,Cassey,Kilvington,ckilvington5u@samsung.com,Female,1929
36974,Al,Talmadge,atalmadge5v@booking.com,Male,1943
32367,Madalena,Ferrara,mferrara5w@senate.gov,Female,1968
32232,Foster,Spelwood,fspelwood5x@state.tx.us,Male,1969
39500,Wolfie,Green,wgreen5y@wiley.com,Male,1976
37854,Hyacinthia,Jeffreys,hjeffreys5z@indiegogo.com,Female,1991
37692,Goraud,Sutton,gsutton60@123-reg.co.uk,Male,1967
32387,Ty,Ellington,tellington61@goodreads.com,Male,1988
38675,Kelli,Gorringe,kgorringe62@youtu.be,Non-binary,1941
34591,Adena,Corbishley,acorbishley63@boston.com,Female,1934
32992,Merna,Barnsley,mbarnsley64@people.com.cn,Female,1972
32096,Gustav,Wakelin,gwakelin65@ucoz.ru,Male,2002
32486,Ed,Dies,edies66@indiatimes.com,Male,1971
34663,Ciro,Arnowitz,carnowitz67@msu.edu,Male,1998
30285,Saul,Kirstein,skirstein68@msu.edu,Male,1975
31243,Josey,Threadgould,jthreadgould69@friendfeed.com,Female,1928
37899,Pete,Sealey,psealey6a@aboutads.info,Genderfluid,1963
30255,Kath,Ruggs,kruggs6b@gmpg.org,Agender,1977
38803,Josefina,Charity,jcharity6c@typepad.com,Female,1925
30846,Kathryne,Meijer,kmeijer6d@goo.gl,Female,1959
35889,Elmira,Theis,etheis6e@phoca.cz,Female,1998
37065,Brod,Doelle,bdoelle6f@bloglovin.com,Male,1922
34177,Ode,Booley,obooley6g@house.gov,Male,1956
33296,Kristal,Ghiriardelli,kghiriardelli6h@wikipedia.org,Female,1981
39250,Tobey,Wimms,twimms6i@last.fm,Female,1977
38424,Paula,Rosengren,prosengren6j@archive.org,Bigender,2010
35614,Ganny,Macieiczyk,gmacieiczyk6k@dion.ne.jp,Male,1981
36394,Genovera,Scattergood,gscattergood6l@360.cn,Female,2005
36523,Jacynth,Forty,jforty6m@i2i.jp,Female,1961
39003,Gabriel,Markovic,gmarkovic6n@canalblog.com,Genderqueer,1958
35388,Peyton,Possa,ppossa6o@biblegateway.com,Male,1928
38599,Violette,Tweedy,vtweedy6p@biblegateway.com,Female,1959
34312,Harley,Mawd,hmawd6q@vk.com,Male,1990
31842,Angela,Beebis,abeebis6r@facebook.com,Female,1980
31024,Josselyn,Riccardo,jriccardo6s@opensource.org,Female,1962
35114,Elsie,Corkett,ecorkett6t@linkedin.com,Female,1970
31658,Mirabelle,Mochan,mmochan6u@google.es,Female,1994
36023,Garold,Carman,gcarman6v@about.com,Male,1959
34679,Nissie,Mallan,nmallan6w@chicagotribune.com,Female,1978
37971,Roddy,Confort,rconfort6x@furl.net,Male,1939
33871,Marie-ann,Longbothom,mlongbothom6y@chronoengine.com,Female,1974
35029,Fayth,Hickisson,fhickisson6z@state.gov,Female,1991
34384,Stanleigh,Bowlands,sbowlands70@abc.net.au,Male,1954
38404,Asher,Glasscoe,aglasscoe71@kickstarter.com,Male,1928
39752,Saunderson,Yonge,syonge72@netscape.com,Male,1973
39824,Malynda,Gasgarth,mgasgarth73@nasa.gov,Female,2001
36701,Filmore,Lesor,flesor74@yahoo.co.jp,Male,1968
39123,Morgan,Bartel,mbartel75@narod.ru,Female,1950
38982,Upton,Wakefield,uwakefield76@newyorker.com,Male,1947
32542,Brook,Frayne,bfrayne77@washingtonpost.com,Polygender,1947
36310,Jessy,O' Scallan,joscallan78@umn.edu,Female,1944
38958,Melisse,Allott,mallott79@berkeley.edu,Female,1951
37562,Claretta,Dupre,cdupre7a@friendfeed.com,Female,1994
34842,Dietrich,Dei,ddei7b@imageshack.us,Male,1941
30736,Alexandro,Ambrogi,aambrogi7c@home.pl,Male,1998
31546,Avivah,Gaskarth,agaskarth7d@scientificamerican.com,Female,1950
31596,Read,Roaf,rroaf7e@columbia.edu,Agender,1958
31367,Fran,Dragoe,fdragoe7f@tmall.com,Male,1956
31815,Emily,Fleeman,efleeman7g@google.cn,Female,1984
36366,Liana,Lempel,llempel7h@cbc.ca,Female,1969
32086,Jorgan,McEneny,jmceneny7i@thetimes.co.uk,Male,1925
36328,Kendrick,Burwood,kburwood7j@tinypic.com,Male,1996
39393,Tammy,Clemmensen,tclemmensen7k@bigcartel.com,Polygender,1923
39665,Lilia,Kennington,lkennington7l@istockphoto.com,Female,1956
35006,Mozes,Roder,mroder7m@google.ru,Male,1973
36121,Munmro,Shailer,mshailer7n@skyrock.com,Male,1962
39505,Davidson,Kinsett,dkinsett7o@japanpost.jp,Male,1953
33823,Joline,Kenwood,jkenwood7p@mozilla.org,Female,1953
32720,Hendrick,Sinnat,hsinnat7q@barnesandnoble.com,Male,1924
35966,Patsy,Magnar,pmagnar7r@zdnet.com,Bigender,1953
33114,Shaughn,Skeath,sskeath7s@furl.net,Male,1985
38170,Cheslie,Singh,csingh7t@adobe.com,Female,2008
36763,Ezri,Bettam,ebettam7u@shinystat.com,Male,1993
32916,Shari,Yellowley,syellowley7v@squarespace.com,Bigender,1991
38010,Willabella,Cosson,wcosson7w@plala.or.jp,Female,2003
34186,Goldy,Gatward,ggatward7x@miibeian.gov.cn,Female,1982
30058,Gabby,Alpine,galpine7y@istockphoto.com,Male,1980
34160,Raychel,Manifold,rmanifold7z@google.it,Female,1926
33337,Nadean,Noon,nnoon80@hud.gov,Female,1951
30274,Darelle,Greatrakes,dgreatrakes81@biglobe.ne.jp,Female,1954
33727,Loren,Skeel,lskeel82@lycos.com,Female,1997
39964,Abdel,Kunes,akunes83@usa.gov,Male,1948
35586,Elvin,Beautyman,ebeautyman84@vkontakte.ru,Male,1988
36844,Jesus,Kedwell,jkedwell85@usgs.gov,Male,1977
30806,Brandtr,Mergue,bmergue86@nasa.gov,Genderfluid,1948
31489,Ibrahim,Erni,ierni87@linkedin.com,Male,1951
34967,Aeriela,Waymont,awaymont88@hc360.com,Female,1998
38926,Valera,Litzmann,vlitzmann89@google.de,Female,1953
33590,Danni,Rojahn,drojahn8a@va.gov,Female,1964
38582,Tremaine,Cadd,tcadd8b@google.nl,Male,1942
38871,Agosto,Lewendon,alewendon8c@ustream.tv,Male,1989
38117,Gael,McKissack,gmckissack8d@ted.com,Female,1989
35779,Danny,Feldon,dfeldon8e@drupal.org,Female,1984
33866,Tedra,Rennard,trennard8f@oaic.gov.au,Non-binary,1934
32506,Tiff,Kirrage,tkirrage8g@ox.ac.uk,Female,1925
38816,Drusie,Cretney,dcretney8h@uol.com.br,Female,1962
37012,Junette,Gillatt,jgillatt8i@earthlink.net,Female,1983
36480,Hi,Vasilov,hvasilov8j@craigslist.org,Male,1974
33091,Alie,Sinnett,asinnett8k@indiegogo.com,Female,1954
30823,Katee,Dennidge,kdennidge8l@netlog.com,Female,1994
37512,Cris,Anthoin,canthoin8m@eventbrite.com,Female,2010
38214,Casie,Hitscher,chitscher8n@deviantart.com,Female,1983
35310,See,Telega,stelega8o@discovery.com,Male,1983
39554,Vin,Plume,vplume8p@hexun.com,Male,2003
30688,Brandy,Cawte,bcawte8q@mail.ru,Male,1972
35298,Slade,Wardle,swardle8r@cnbc.com,Male,1936
31515,Liane,Tapp,ltapp8s@qq.com,Female,1929
38523,Dannel,Gainfort,dgainfort8t@irs.gov,Male,1966
32114,Gregorio,Rosenblatt,grosenblatt8u@microsoft.com,Male,1928
32136,Eloisa,Edensor,eedensor8v@newsvine.com,Female,1941
33504,Clarence,Southby,csouthby8w@wikipedia.org,Genderqueer,1929
39510,Blanca,Boagey,bboagey8x@amazon.co.uk,Female,1951
30599,Laurie,Grunson,lgrunson8y@tinyurl.com,Male,1971
30299,Joeann,Manley,jmanley8z@jiathis.com,Female,1973
30286,Maire,Brookson,mbrookson90@google.es,Female,1959
36776,Mame,Bellerby,mbellerby91@guardian.co.uk,Female,1978
35481,Ellissa,Jotcham,ejotcham92@paypal.com,Female,1979
30132,Helena,Seydlitz,hseydlitz93@rakuten.co.jp,Female,1920
38929,Alard,Lergan,alergan94@oaic.gov.au,Male,1938
39955,Colman,Quartermain,cquartermain95@usatoday.com,Male,1986
30134,Toddie,Edison,tedison96@gov.uk,Male,1934
37633,Opal,Lucchi,olucchi97@java.com,Female,2006
32401,Danya,Mulheron,dmulheron98@about.com,Genderfluid,2003
36399,Germain,Cubbon,gcubbon99@howstuffworks.com,Male,1964
34608,Britni,Seden,bseden9a@fastcompany.com,Female,2003
39089,Cesare,O'Farrell,cofarrell9b@amazon.co.uk,Male,1933
32793,Klarrisa,Venable,kvenable9c@sfgate.com,Female,1949
34882,Nomi,Mole,nmole9d@illinois.edu,Female,1938
30576,Ashly,Titman,atitman9e@vistaprint.com,Female,1933
36563,Teodor,Quartermaine,tquartermaine9f@quantcast.com,Male,1944
35290,Claudio,Eaton,ceaton9g@dyndns.org,Male,1947
37905,Janey,Cornilli,jcornilli9h@barnesandnoble.com,Female,1976
38959,Denis,Scanlan,dscanlan9i@usa.gov,Male,1924
30575,Tiphani,Triner,ttriner9j@ycombinator.com,Female,1962
35587,Napoleon,Strongitharm,nstrongitharm9k@yandex.ru,Male,1923
35944,Charla,Poyntz,cpoyntz9l@webmd.com,Agender,1956
34579,Humbert,Babber,hbabber9m@tripod.com,Male,2010
32292,Zilvia,Colbrun,zcolbrun9n@squidoo.com,Female,1937
34347,Kenny,Bloodworthe,kbloodworthe9o@washingtonpost.com,Male,1952
32627,Oriana,Veldens,oveldens9p@taobao.com,Female,1931
32891,Rachelle,Pettit,rpettit9q@linkedin.com,Female,1927
37490,Elenore,Dunnet,edunnet9r@nydailynews.com,Female,2002
39344,Harald,Hurche,hhurche9s@webeden.co.uk,Bigender,1982
37280,Florri,Ludman,fludman9t@cornell.edu,Female,1997
34711,Cy,Hurd,churd9u@topsy.com,Male,1961
33152,Amata,Rawlings,arawlings9v@gnu.org,Female,1924
31893,Binky,Satchel,bsatchel9w@163.com,Male,1973
33861,Keelia,Ayrs,kayrs9x@columbia.edu,Female,1997
31678,Celisse,Millichip,cmillichip9y@foxnews.com,Female,1973
37853,Barde,Jickles,bjickles9z@tamu.edu,Male,1935
38950,Elnar,Danson,edansona0@huffingtonpost.com,Male,1940
37448,Marcelia,Matevushev,mmatevusheva1@instagram.com,Female,1987
30973,Rriocard,Pembridge,rpembridgea2@cpanel.net,Male,1986
38080,Roslyn,Chieco,rchiecoa3@jigsy.com,Female,1972
34700,Glyn,Sirr,gsirra4@archive.org,Male,1980
38476,Ariel,Satterly,asatterlya5@google.it,Male,1927
33010,Alvin,Fonquernie,afonquerniea6@bandcamp.com,Genderqueer,2003
36448,Edwin,Shellshear,eshellsheara7@163.com,Male,1989
30735,Conney,Melding,cmeldinga8@fotki.com,Male,1972
34849,Sonny,Gaenor,sgaenora9@berkeley.edu,Male,1990
39031,Erika,Cussins,ecussinsaa@stumbleupon.com,Female,1981
38865,Kristal,Etheredge,ketheredgeab@umich.edu,Female,1968
33773,Janette,Ackermann,jackermannac@barnesandnoble.com,Female,1934
35112,Gwendolin,Heaselgrave,gheaselgravead@mapy.cz,Female,2006
35313,Julius,Cheel,jcheelae@huffingtonpost.com,Male,1956
30689,Boote,Frodsham,bfrodshamaf@ucla.edu,Male,1973
39490,Gwen,Kops,gkopsag@godaddy.com,Female,1944
35977,Ricardo,Lysaght,rlysaghtah@amazon.de,Male,1929
39188,Felecia,Records,frecordsai@gov.uk,Female,2010
31061,Sheila,Le Noury,slenouryaj@xrea.com,Female,1992
34632,Cariotta,Ferfulle,cferfulleak@rediff.com,Female,1992
30229,Petr,Norcross,pnorcrossal@yolasite.com,Male,1986
35693,Zuzana,Primmer,zprimmeram@uiuc.edu,Female,1978
31582,Nefen,Carnachen,ncarnachenan@boston.com,Male,1997
36679,Gabbi,Robe,grobeao@gnu.org,Female,1969
36523,Mada,Uzielli,muzielliap@theatlantic.com,Female,1956
30284,Bertram,Huntly,bhuntlyaq@studiopress.com,Male,1920
31301,Anatol,Bendall,abendallar@cmu.edu,Male,1979
32372,Muriel,Predohl,mpredohlas@shinystat.com,Female,1934
33931,Tan,Barwack,tbarwackat@goo.ne.jp,Male,1931
33134,Perri,Brislane,pbrislaneau@globo.com,Female,2003
37487,Den,Bratch,dbratchav@free.fr,Male,1960
39142,Warren,Throssell,wthrossellaw@squidoo.com,Male,1992
31774,Norbie,Dagger,ndaggerax@seattletimes.com,Male,1924
39430,Haleigh,Betho,hbethoay@google.fr,Female,2002
32062,Georgie,Court,gcourtaz@pinterest.com,Female,2004
39861,Imelda,Durant,idurantb0@boston.com,Female,1932
38297,Cyrillus,MacArte,cmacarteb1@statcounter.com,Male,2009
39764,Link,Milch,lmilchb2@amazon.co.jp,Male,1947
37445,Marcelline,Dolder,mdolderb3@lycos.com,Genderqueer,1971
31443,Florina,Gaine,fgaineb4@vk.com,Female,1969
34815,Witty,Purchall,wpurchallb5@theguardian.com,Male,1997
34040,Enid,Sirmon,esirmonb6@360.cn,Female,1968
35230,Perrine,Laweles,plawelesb7@mozilla.com,Bigender,1952
33032,Danni,Capper,dcapperb8@sakura.ne.jp,Female,1925
32541,Tiffi,Overshott,tovershottb9@nhs.uk,Female,1965
35458,Timothee,Preator,tpreatorba@weebly.com,Male,1940
39810,Piotr,Truscott,ptruscottbb@wikimedia.org,Male,1965
38085,Merle,Wankling,mwanklingbc@over-blog.com,Male,2003
30954,Judye,Wadlow,jwadlowbd@wordpress.com,Female,1972
32915,Roarke,Piotrowski,rpiotrowskibe@dyndns.org,Male,2001
31512,Donetta,Fitchell,dfitchellbf@weibo.com,Non-binary,1946
32271,Hanna,Burnall,hburnallbg@etsy.com,Female,1987
34573,Abbye,Hellard,ahellardbh@telegraph.co.uk,Female,1986
39798,Charis,Dowson,cdowsonbi@sun.com,Female,1958
36175,Arie,Semorad,asemoradbj@independent.co.uk,Male,2004
30262,Nanine,Syrie,nsyriebk@ask.com,Polygender,1976
32848,Janeen,Joan,jjoanbl@dailymail.co.uk,Female,1929
38405,Antons,Parlott,aparlottbm@census.gov,Male,1992
35973,Donelle,Keppe,dkeppebn@mayoclinic.com,Female,2008
30658,Chrotoem,Clayworth,cclayworthbo@latimes.com,Male,1934
33939,Ham,Keech,hkeechbp@smugmug.com,Male,1988
39302,Peterus,Bartak,pbartakbq@house.gov,Male,1972
32922,Marylou,Trowsdale,mtrowsdalebr@unicef.org,Female,1934
39203,Nicola,Dunbabin,ndunbabinbs@linkedin.com,Female,1972
30390,Marty,Casaro,mcasarobt@plala.or.jp,Polygender,1935
33035,Benoit,Vipan,bvipanbu@amazon.com,Male,1965
32381,Katy,Frayling,kfraylingbv@google.co.uk,Female,1933
33498,Ingra,Keenleyside,ikeenleysidebw@scientificamerican.com,Male,1952
35588,Raffaello,Rudolph,rrudolphbx@kickstarter.com,Male,1946
37394,Byrom,Simmers,bsimmersby@tinyurl.com,Male,1952
34471,Arlana,Burlay,aburlaybz@behance.net,Female,1947
33926,Corinna,Cowin,ccowinc0@exblog.jp,Female,1947
37294,Berthe,Yewdell,byewdellc1@last.fm,Female,1963
34667,Gwenny,Scraggs,gscraggsc2@devhub.com,Female,1949
37181,Shelagh,Playfoot,splayfootc3@imdb.com,Female,1956
32275,Ferd,Smallridge,fsmallridgec4@goo.gl,Male,1929
36722,Harriette,Bountiff,hbountiffc5@ehow.com,Female,1967
36108,Kelwin,Eveleigh,keveleighc6@noaa.gov,Male,1936
32946,Shep,Grinyov,sgrinyovc7@smugmug.com,Male,1990
31576,Ida,Sansom,isansomc8@stanford.edu,Female,1960
33369,Mickie,Rabbet,mrabbetc9@japanpost.jp,Female,1984
36172,Abigale,Iashvili,aiashvilica@quantcast.com,Female,1998
33787,Alanna,Bachelar,abachelarcb@earthlink.net,Female,1937
30717,Sella,Bruinemann,sbruinemanncc@amazon.de,Bigender,1944
39156,Letisha,Douthwaite,ldouthwaitecd@reddit.com,Female,1935
34401,Blisse,Crimmins,bcrimminsce@bloomberg.com,Female,1973
37346,Deidre,Croney,dcroneycf@weather.com,Female,2008
36802,Andreas,Gribbell,agribbellcg@amazonaws.com,Agender,1986
33802,Ursula,Addinall,uaddinallch@vinaora.com,Female,1968
38827,Sammy,Forrest,sforrestci@naver.com,Female,1958
33083,Deeyn,Aleksandrov,daleksandrovcj@cam.ac.uk,Female,1945
31369,Dorthy,Floyed,dfloyedck@washingtonpost.com,Female,1928
30387,Harlan,Maudling,hmaudlingcl@alibaba.com,Male,1976
37794,Georgy,Trahair,gtrahaircm@harvard.edu,Male,1929
38598,Daron,Harnwell,dharnwellcn@time.com,Male,1995
37101,Rainer,Harle,rharleco@auda.org.au,Male,1926
35976,Tammi,Harrow,tharrowcp@addtoany.com,Female,1972
32303,Marrilee,Pepperill,mpepperillcq@geocities.com,Female,1985
33203,Barrett,Bountiff,bbountiffcr@patch.com,Male,1929
30869,Justino,Waye,jwayecs@cnet.com,Male,1941
38071,Roland,Jans,rjansct@google.ca,Male,2006
32349,Aleta,Brunone,abrunonecu@free.fr,Female,1921
39092,Nanci,Cowell,ncowellcv@parallels.com,Female,1985
39044,Emera,Bromont,ebromontcw@google.ru,Female,1953
34182,Victoir,Menelaws,vmenelawscx@google.nl,Male,1956
30595,Carina,Ickovici,cickovicicy@homestead.com,Female,1938
37559,Bernhard,Dunkerk,bdunkerkcz@people.com.cn,Non-binary,1964
30141,Reid,Merriton,rmerritond0@mail.ru,Male,1939
32646,Rosana,Riley,rrileyd1@t.co,Female,1970
36690,Gorden,Reven,grevend2@ebay.com,Male,1940
35905,Roma,Massei,rmasseid3@drupal.org,Male,2007
32744,Everard,Richens,erichensd4@un.org,Male,1969
39285,Tan,Eye,teyed5@naver.com,Male,1960
36249,Shir,Glader,sgladerd6@nydailynews.com,Female,1979
39078,Allyn,Fabbro,afabbrod7@tamu.edu,Female,1929
31496,Riva,Benit,rbenitd8@amazon.co.uk,Female,1929
35986,Matt,Durrans,mdurransd9@fema.gov,Male,1982
33690,Antoine,Mangham,amanghamda@pbs.org,Male,1980
36526,Meryl,Bentick,mbentickdb@salon.com,Male,1982
33889,Tabb,Klossek,tklossekdc@weather.com,Male,2007
36337,Janessa,Kitching,jkitchingdd@163.com,Female,1959
33126,Beale,Garlinge,bgarlingede@google.com,Male,1983
38483,Astrid,Creboe,acreboedf@1und1.de,Female,1930
38083,Sandor,Tinsey,stinseydg@paginegialle.it,Male,1961
37220,Marline,Canario,mcanariodh@ebay.com,Female,1999
33886,Sal,Mackin,smackindi@freewebs.com,Male,1920
36979,Jasun,Tysall,jtysalldj@printfriendly.com,Male,1943
33381,Pasquale,Ansill,pansilldk@aboutads.info,Bigender,1974
31370,Jonah,Rugieri,jrugieridl@cornell.edu,Male,2010
34453,Nester,D'Aeth,ndaethdm@skyrock.com,Male,1990
30930,Bearnard,Isaaksohn,bisaaksohndn@mit.edu,Male,1923
39915,Dalt,Orts,dortsdo@altervista.org,Male,1998
34731,Lilli,Dunnett,ldunnettdp@cbsnews.com,Female,1986
32124,Malinda,Youson,myousondq@vkontakte.ru,Female,1973
36523,Fara,Batcheldor,fbatcheldordr@ft.com,Female,1934
32266,Donni,Heys,dheysds@yellowpages.com,Female,1946
35124,Lana,Gilbride,lgilbridedt@independent.co.uk,Female,1939
33218,Audre,Braine,abrainedu@usa.gov,Female,1987
30963,Adara,Hesey,aheseydv@ucsd.edu,Female,1930
35703,Teriann,Krzysztofiak,tkrzysztofiakdw@statcounter.com,Polygender,1993
30755,Patrice,De Beneditti,pdebenedittidx@ow.ly,Female,1943
38388,Cookie,Shillabeare,cshillabearedy@1und1.de,Female,1971
35312,Jonah,Cordier,jcordierdz@i2i.jp,Male,2006
37504,Fredric,Bizley,fbizleye0@sina.com.cn,Male,2007
32917,Dugald,Hampshire,dhampshiree1@google.co.uk,Male,1951
31605,Colin,Ionn,cionne2@toplist.cz,Male,2006
32053,Ignaz,O'Currane,iocurranee3@qq.com,Male,1955
36499,Eugenio,Preble,epreblee4@webmd.com,Male,1946
36881,Roger,McKew,rmckewe5@theguardian.com,Male,1998
39688,Chaddie,Kirkwood,ckirkwoode6@devhub.com,Male,1923
37382,Hattie,Hecks,hheckse7@marketwatch.com,Female,2002
30326,Garv,Aloigi,galoigie8@youtu.be,Male,1959
36794,Ofilia,Paffley,opaffleye9@sohu.com,Female,1986
33269,Adlai,Sleep,asleepea@wordpress.org,Male,1999
39258,Lennie,Buche,lbucheeb@ihg.com,Male,1960
30721,Fabio,Barrowclough,fbarrowcloughec@nyu.edu,Male,1969
34103,Adolph,Janes,ajanesed@ifeng.com,Male,1977
37622,Roddie,Clemetts,rclemettsee@google.de,Male,1922
38298,Camille,Gunn,cgunnef@hubpages.com,Female,1978
35196,Skyler,Corrigan,scorriganeg@imdb.com,Male,1971
37077,Lurleen,Robbings,lrobbingseh@icq.com,Female,2003
37008,Lucien,Bricksey,lbrickseyei@prweb.com,Agender,1990
32626,Jerald,Renouf,jrenoufej@vistaprint.com,Male,1974
36640,Francklyn,Dodimead,fdodimeadek@plala.or.jp,Male,2005
30958,Aprilette,Bercher,abercherel@mozilla.com,Female,1926
37212,Nolly,Agates,nagatesem@tmall.com,Male,1922
31538,Zondra,Hackworth,zhackworthen@weebly.com,Polygender,1956
31553,Che,Ahrens,cahrenseo@shinystat.com,Male,1974
32737,Milty,Louw,mlouwep@hubpages.com,Male,1925
34431,Emmet,Havoc,ehavoceq@java.com,Male,1988
35125,Emlen,Pace,epaceer@china.com.cn,Male,2007
31708,Mirelle,Borrington,mborringtones@tripadvisor.com,Female,2000
36412,Dall,MacKeeg,dmackeeget@howstuffworks.com,Male,1984
31684,Baxie,Ulyet,bulyeteu@istockphoto.com,Male,1990
33751,Appolonia,Domerque,adomerqueev@hugedomains.com,Female,1972
36175,Amabelle,Dressel,adresselew@discuz.net,Female,2007
37568,Issi,Sheasby,isheasbyex@com.com,Female,2003
36804,Gwennie,Stockley,gstockleyey@parallels.com,Female,1998
31496,Danny,Heales,dhealesez@mayoclinic.com,Male,1935
34904,Gabriel,Smee,gsmeef0@technorati.com,Male,1928
36245,Jarred,Benedetti,jbenedettif1@ameblo.jp,Male,1980
37220,Georg,Ibanez,gibanezf2@huffingtonpost.com,Male,1928
31406,Sutherland,Tiptaft,stiptaftf3@marriott.com,Male,1924
35279,Matthew,Graundisson,mgraundissonf4@ebay.co.uk,Male,1992
38568,Natalina,Rugge,nruggef5@prweb.com,Female,1992
36815,Richie,Lowndsborough,rlowndsboroughf6@facebook.com,Male,1937
30473,Benny,Aleshintsev,baleshintsevf7@oaic.gov.au,Male,1960
37178,Bettye,Peidro,bpeidrof8@ted.com,Female,1954
34279,Zahara,Braven,zbravenf9@disqus.com,Female,1926
30034,Cindie,Yakov,cyakovfa@blogtalkradio.com,Female,1943
36789,Sarine,Keattch,skeattchfb@gnu.org,Female,2009
34705,Morrie,Lauret,mlauretfc@telegraph.co.uk,Male,1996
30871,Freddie,Van Hove,fvanhovefd@cnn.com,Female,1990
37514,Selestina,Steanson,ssteansonfe@google.com.au,Female,1973
38007,Leigha,Loalday,lloaldayff@cisco.com,Female,1990
37240,Germaine,Thresher,gthresherfg@utexas.edu,Male,2009
33657,Esdras,Gaffer,egafferfh@slideshare.net,Male,1967
38078,Heinrik,Azema,hazemafi@weebly.com,Male,1952
30617,Alexandro,Heskin,aheskinfj@cdbaby.com,Male,1922
39743,Honoria,Shimoni,hshimonifk@state.tx.us,Female,1937
30936,Evvie,Coldbreath,ecoldbreathfl@moonfruit.com,Female,2005
33588,Rosemonde,Vickress,rvickressfm@businessweek.com,Polygender,1967
39342,Drona,Sarfat,dsarfatfn@ebay.com,Female,2009
36714,Welch,Woollacott,wwoollacottfo@cbc.ca,Male,1939
38436,Linette,Hawlgarth,lhawlgarthfp@wsj.com,Female,2007
30708,Teodorico,McGivena,tmcgivenafq@marketwatch.com,Male,1935
38509,Portia,Maycey,pmayceyfr@ucoz.com,Female,1954
32886,Dewain,Scorton,dscortonfs@nih.gov,Male,1936
38787,Dionne,Janca,djancaft@privacy.gov.au,Non-binary,1951
30557,Lyndsey,Gallandre,lgallandrefu@ehow.com,Female,1932
38723,Yuma,Morrissey,ymorrisseyfv@google.fr,Male,1954
32451,Morry,Sevin,msevinfw@constantcontact.com,Male,1936
33491,Gerald,Lethley,glethleyfx@unblog.fr,Male,2002
34613,Petronille,McCreagh,pmccreaghfy@aol.com,Female,1940
38886,Ruttger,Palmer,rpalmerfz@who.int,Male,1988
35498,Darrel,Minard,dminardg0@ning.com,Male,1980
37140,Thorn,Heaffey,theaffeyg1@t-online.de,Male,1946
37812,Ardisj,Patrone,apatroneg2@seattletimes.com,Female,1943
33900,Rebekah,Petrashkov,rpetrashkovg3@is.gd,Female,1942
32406,Hoebart,Kelso,hkelsog4@youtu.be,Male,1998
31618,Megan,Witham,mwithamg5@blog.com,Female,2007
30242,Jamey,Bertlin,jbertling6@wp.com,Male,1987
39768,Tresa,Stockey,tstockeyg7@apple.com,Female,1976
37470,Alejoa,Jannequin,ajannequing8@meetup.com,Male,1946
32293,Norry,Dorling,ndorlingg9@arstechnica.com,Female,1931
31627,Eli,Pluck,epluckga@salon.com,Male,1978
34026,Onofredo,Lettson,olettsongb@privacy.gov.au,Male,1922
39354,Jefferey,Fryatt,jfryattgc@dot.gov,Male,1951
35366,Cordy,Aldhous,caldhousgd@g.co,Male,1951
30599,Des,Guerner,dguernerge@hibu.com,Bigender,1985
31805,Marian,Braham,mbrahamgf@mit.edu,Female,1993
30617,Amble,Lightbowne,alightbownegg@wsj.com,Male,1959
33819,Haily,Mapledoore,hmapledooregh@bbc.co.uk,Female,1972
31443,Papagena,Lucock,plucockgi@europa.eu,Female,1936
30901,Tiffy,Oneal,tonealgj@sourceforge.net,Genderqueer,1970
33571,Oliver,Leaming,oleaminggk@cloudflare.com,Male,1943
39773,Loutitia,Hurler,lhurlergl@free.fr,Non-binary,1977
37133,Timmy,Larmet,tlarmetgm@chicagotribune.com,Male,1974
31217,Faina,Celier,fceliergn@google.de,Female,1991
36647,Alison,Scamel,ascamelgo@chron.com,Female,1982
33731,Bran,De Blase,bdeblasegp@loc.gov,Male,1972
33627,Kathryne,Pyke,kpykegq@gnu.org,Female,1976
30009,Augy,Colenutt,acolenuttgr@themeforest.net,Male,1970
31139,Tarrance,McQuilliam,tmcquilliamgs@github.io,Male,1929
35814,Biddie,Newall,bnewallgt@ameblo.jp,Female,1963
39650,Catlaina,Hadley,chadleygu@kickstarter.com,Female,1939
30929,Raphaela,Cona,rconagv@globo.com,Female,1968
37873,Stillman,Coleridge,scoleridgegw@state.tx.us,Male,2006
30490,Kendrick,Friese,kfriesegx@senate.gov,Male,1973
36210,Klement,Lafoy,klafoygy@acquirethisname.com,Male,1945
34237,Trudy,Whettleton,twhettletongz@cnbc.com,Female,1920
32648,Herman,Mattisson,hmattissonh0@forbes.com,Genderfluid,1941
31109,Arnuad,Penhalewick,apenhalewickh1@yelp.com,Male,1990
31593,Sheeree,Ponting,spontingh2@miitbeian.gov.cn,Female,1985
37399,Jefferson,Yoskowitz,jyoskowitzh3@kickstarter.com,Genderfluid,1989
39340,Kin,Demetr,kdemetrh4@bloglines.com,Agender,1979
36479,Germana,Bullas,gbullash5@linkedin.com,Female,1947
32779,Rodrick,Bickmore,rbickmoreh6@nps.gov,Bigender,1936
35281,Bevin,Songer,bsongerh7@aol.com,Male,1989
32281,Flint,Paroni,fparonih8@latimes.com,Male,1980
30024,Parnell,Drabble,pdrabbleh9@blogger.com,Male,1952
34292,Nevil,Jarlmann,njarlmannha@archive.org,Male,1969
38205,Petey,Cords,pcordshb@woothemes.com,Male,1988
34313,Elissa,Causby,ecausbyhc@multiply.com,Female,1942
39456,Othilie,Tollerton,otollertonhd@house.gov,Female,1976
30935,Hendrika,Huggett,hhuggetthe@fc2.com,Female,2001
39519,Kaye,Gabbitas,kgabbitashf@e-recht24.de,Female,1938
31528,Marti,House,mhousehg@tamu.edu,Female,1955
39466,Jerrine,Mohan,jmohanhh@state.gov,Female,2009
38765,Guthrie,Murdie,gmurdiehi@dailymail.co.uk,Male,2002
36472,Petronilla,Clayill,pclayillhj@wikispaces.com,Non-binary,1964
35889,Carley,Willox,cwilloxhk@yandex.ru,Female,1973
31902,Wilden,Schindler,wschindlerhl@omniture.com,Male,1957
35856,Florri,Niese,fniesehm@fastcompany.com,Female,1924
36604,Carlen,Landa,clandahn@over-blog.com,Female,1929
30010,Diego,Hounson,dhounsonho@timesonline.co.uk,Male,2002
35444,Laurence,Paolazzi,lpaolazzihp@jugem.jp,Male,1973
33450,Ferdie,Malam,fmalamhq@nasa.gov,Male,1929
32209,Deonne,Kerkham,dkerkhamhr@360.cn,Genderqueer,1963
39996,Mala,Leward,mlewardhs@sakura.ne.jp,Female,1952
38567,Ham,Haacker,hhaackerht@devhub.com,Male,1946
33677,Desmund,Tibald,dtibaldhu@csmonitor.com,Male,1941
34579,Rem,Lisle,rlislehv@wired.com,Male,1947
34673,Boy,Magee,bmageehw@cdc.gov,Male,1939
35075,Cahra,Stratley,cstratleyhx@ocn.ne.jp,Female,1928
32288,Rosabel,McKinlay,rmckinlayhy@omniture.com,Female,1971
31954,Albina,Waddell,awaddellhz@ow.ly,Female,1976
30651,Kristan,Fulleylove,kfulleylovei0@phoca.cz,Female,1952
32913,Lilith,Seamon,lseamoni1@census.gov,Female,1991
34784,Bev,Minton,bmintoni2@auda.org.au,Polygender,1963
33936,Culver,Jenking,cjenkingi3@e-recht24.de,Male,1980
36411,Abagail,Ainsworth,aainsworthi4@skyrock.com,Female,1932
37555,Vitoria,Blackburn,vblackburni5@ucoz.ru,Genderfluid,2004
31050,Felicle,Clemmens,fclemmensi6@nba.com,Agender,1979
38263,Maximilian,Sharp,msharpi7@theglobeandmail.com,Male,1983
38180,Maybelle,Tawse,mtawsei8@skyrock.com,Female,1922
39455,Maisie,Halsho,mhalshoi9@hexun.com,Genderfluid,1956
34393,Marylinda,Wooler,mwooleria@ucoz.com,Female,1973
36285,Debby,Herche,dhercheib@shop-pro.jp,Female,1969
37699,Adriana,Yegorshin,ayegorshinic@acquirethisname.com,Female,1990
39240,Hubert,Getsham,hgetshamid@about.me,Male,1955
38280,Lukas,Bradie,lbradieie@samsung.com,Male,1948
30444,Dunn,Feacham,dfeachamif@csmonitor.com,Male,1971
38014,Dido,Lawley,dlawleyig@tuttocitta.it,Female,1934
31933,Lee,Keyser,lkeyserih@csmonitor.com,Female,1971
30881,Korey,Sobey,ksobeyii@pagesperso-orange.fr,Male,1944
30856,Tammy,Spittall,tspittallij@123-reg.co.uk,Male,1949
33780,Sharai,Cocklie,scocklieik@hibu.com,Female,1952
37905,Benedicto,Haquard,bhaquardil@businessinsider.com,Male,1982
37027,Bess,McCarlich,bmccarlichim@360.cn,Female,1940
31295,Marlane,Eaken,meakenin@pbs.org,Female,1937
33307,Jeralee,Shoutt,jshouttio@engadget.com,Female,1961
31569,Margarete,Quadrio,mquadrioip@lulu.com,Female,1947
37221,Lynett,Stanfield,lstanfieldiq@hc360.com,Female,1980
30766,Dyana,Scoggan,dscogganir@elegantthemes.com,Female,1983
37117,Kelby,Giorgio,kgiorgiois@example.com,Male,2009
32958,Mattias,Richards,mrichardsit@123-reg.co.uk,Bigender,1985
38527,Lucio,Karys,lkarysiu@wired.com,Male,1935
35744,Roxy,Allan,rallaniv@nationalgeographic.com,Female,1994
34596,Gregoire,Danilovich,gdanilovichiw@lycos.com,Male,1941
32584,Amble,Dunham,adunhamix@deviantart.com,Male,1982
32588,Ettore,Asman,easmaniy@vk.com,Male,1996
31602,Sophi,Kehir,skehiriz@reference.com,Female,1926
30470,Kelwin,Cropton,kcroptonj0@newsvine.com,Male,1935
38430,Casi,Byrd,cbyrdj1@bandcamp.com,Female,2004
38809,Matthew,Bresland,mbreslandj2@ocn.ne.jp,Male,1965
36135,Karil,Snoday,ksnodayj3@scribd.com,Female,2000
37869,Zitella,Petriello,zpetrielloj4@abc.net.au,Female,1978
38541,Larina,Danilevich,ldanilevichj5@pcworld.com,Female,1927
31405,Aldrich,Kort,akortj6@imdb.com,Male,1973
30281,Selby,Carmody,scarmodyj7@dell.com,Male,1986
31872,Sibel,Marke,smarkej8@istockphoto.com,Female,2003
38319,Ward,Klisch,wklischj9@paypal.com,Male,1958
33007,Cindee,Rubenczyk,crubenczykja@guardian.co.uk,Female,1943
30584,Grace,Hinkensen,ghinkensenjb@istockphoto.com,Male,1975
37566,Kellie,Trapp,ktrappjc@weather.com,Female,1977
35091,Paulita,Nowaczyk,pnowaczykjd@yellowbook.com,Female,1962
30365,Benoite,Clancy,bclancyje@vk.com,Polygender,1950
39487,Bailey,Roderigo,broderigojf@icq.com,Male,1938
38515,Jehanna,Bidewel,jbideweljg@simplemachines.org,Female,1987
31071,Agata,Reape,areapejh@ifeng.com,Female,1998
33622,Kennan,Pinock,kpinockji@nationalgeographic.com,Male,1948
33521,Debby,Parres,dparresjj@nytimes.com,Female,1988
32332,Sher,Jakubowski,sjakubowskijk@nationalgeographic.com,Non-binary,1980
34586,Quincy,Emblen,qemblenjl@smugmug.com,Male,1935
36910,Keelia,Saiens,ksaiensjm@yellowbook.com,Female,1990
38808,Roxy,Pummell,rpummelljn@blogtalkradio.com,Female,1958
33411,Vicki,Grennan,vgrennanjo@prlog.org,Female,1934
34582,Willi,Ormistone,wormistonejp@jimdo.com,Male,1988
31825,Breena,MacLice,bmaclicejq@google.fr,Female,1940
37069,Ashby,Hardington,ahardingtonjr@fc2.com,Male,1995
30017,Sergeant,Jeacocke,sjeacockejs@nationalgeographic.com,Male,1969
37197,Margaretha,Josefsson,mjosefssonjt@dedecms.com,Female,2002
32890,Letti,Cobley,lcobleyju@webeden.co.uk,Female,1965
32386,Belva,Tinan,btinanjv@cdbaby.com,Genderfluid,1932
36772,Meg,Meechan,mmeechanjw@google.com,Genderqueer,2001
30601,Cyndy,Sokale,csokalejx@stanford.edu,Female,1968
31247,Coralie,Isaac,cisaacjy@nps.gov,Female,1958
31869,Quinta,Barney,qbarneyjz@guardian.co.uk,Female,1927
38866,Jerrine,Livens,jlivensk0@imageshack.us,Female,2006
31204,Debera,Iston,distonk1@rediff.com,Female,1929
34703,Kain,Pibworth,kpibworthk2@discuz.net,Male,1927
36020,Lewiss,Le Gall,llegallk3@chronoengine.com,Male,1943
36968,Hester,Duberry,hduberryk4@goo.gl,Female,1993
33217,James,Tunstall,jtunstallk5@cnbc.com,Male,1931
39758,Stu,Cleife,scleifek6@yandex.ru,Male,1924
37878,Frederik,Vevers,fveversk7@noaa.gov,Male,1963
33465,Tedra,Cathenod,tcathenodk8@sakura.ne.jp,Female,1993
31575,Marlow,Rojel,mrojelk9@squidoo.com,Male,1964
35903,Jewell,Grabert,jgrabertka@etsy.com,Female,1979
30488,Alice,Fleeming,afleemingkb@vinaora.com,Female,1922
30834,Fred,Colleymore,fcolleymorekc@google.fr,Male,1984
39312,Gustavo,Mathivat,gmathivatkd@princeton.edu,Male,1982
37647,Horacio,Paolicchi,hpaolicchike@craigslist.org,Male,1953
30918,Kip,Stoneley,kstoneleykf@yahoo.com,Female,1994
35032,Shellysheldon,Cherrett,scherrettkg@examiner.com,Male,1969
30655,Evvy,O'Kerin,eokerinkh@go.com,Female,1933
36815,Dorthy,Wincer,dwincerki@acquirethisname.com,Female,1926
33360,Vin,Antonignetti,vantonignettikj@pagesperso-orange.fr,Agender,2002
35734,Charin,Riccione,criccionekk@apple.com,Female,1975
37536,Fredericka,Elloit,felloitkl@altervista.org,Female,1969
39053,Oby,Rigmand,origmandkm@altervista.org,Male,1935
31792,Verla,Vanetti,vvanettikn@de.vu,Female,1983
30237,Joshia,O'Crowley,jocrowleyko@princeton.edu,Male,2007
31674,Jule,Berardt,jberardtkp@cafepress.com,Polygender,1936
32070,Sukey,Challenger,schallengerkq@sourceforge.net,Female,1995
32985,Tim,Papaminas,tpapaminaskr@ning.com,Male,1997
36218,Emmye,Moubray,emoubrayks@usda.gov,Female,1971
38395,Gardener,Mabbott,gmabbottkt@cyberchimps.com,Male,1955
36714,Donetta,Haslen,dhaslenku@typepad.com,Female,1956
36991,Cristabel,Greggor,cgreggorkv@state.gov,Female,2006
31995,Nikolaus,Gonzalo,ngonzalokw@alibaba.com,Male,1973
38014,Karon,Macklam,kmacklamkx@sphinn.com,Genderfluid,1993
34638,Reeva,Zellmer,rzellmerky@symantec.com,Female,1978
30461,Maximilianus,Natt,mnattkz@tmall.com,Male,1941
34644,Becki,Branca,bbrancal0@slate.com,Female,1922
38685,Kellia,Richfield,krichfieldl1@pen.io,Female,1961
30840,Megan,Sieur,msieurl2@gnu.org,Female,1923
39417,Ike,Morphey,imorpheyl3@freewebs.com,Male,1947
34115,Conn,Dunkerk,cdunkerkl4@godaddy.com,Male,1949
35683,Harri,Isakson,hisaksonl5@reuters.com,Female,1971
35457,Durward,Longhorne,dlonghornel6@theatlantic.com,Male,1945
39844,Talbot,Vizor,tvizorl7@ox.ac.uk,Male,1972
37102,Heall,Cornely,hcornelyl8@bizjournals.com,Male,1968
33272,Guthrie,Sterke,gsterkel9@wsj.com,Male,1953
31144,Almire,Gillcrist,agillcristla@list-manage.com,Female,1979
34356,Manya,Wadmore,mwadmorelb@ibm.com,Female,1993
31466,Lilah,Pesselt,lpesseltlc@google.fr,Female,1959
35180,Melodie,Eckart,meckartld@blogspot.com,Female,1939
36796,Rod,Korda,rkordale@ycombinator.com,Male,1962
39910,Shanan,Blissett,sblissettlf@instagram.com,Genderqueer,1953
31607,Janel,Lovering,jloveringlg@flickr.com,Female,1966
36130,Brandais,Watkiss,bwatkisslh@addthis.com,Female,2000
33885,Lanni,Standell,lstandellli@ocn.ne.jp,Female,1959
30682,Blaire,Skynner,bskynnerlj@so-net.ne.jp,Female,1948
36719,Matthew,Ramlot,mramlotlk@godaddy.com,Male,1957
35374,Joete,Arlt,jarltll@youtube.com,Female,2004
37446,Demetris,Pounder,dpounderlm@soundcloud.com,Male,1940
39334,Eugenie,Ashfield,eashfieldln@spotify.com,Bigender,1983
33101,Gregorio,Haburne,ghaburnelo@census.gov,Male,2008
39580,Bruis,Ranfield,branfieldlp@163.com,Male,1996
33520,Farra,Antoniazzi,fantoniazzilq@drupal.org,Female,2001
36886,Moses,Kerwen,mkerwenlr@narod.ru,Male,1975
32271,Eliot,Stiegars,estiegarsls@wix.com,Male,1929
30757,Shelagh,Moakes,smoakeslt@pbs.org,Female,1982
31792,Bernadina,Foad,bfoadlu@guardian.co.uk,Female,1977
35456,Luelle,Folliss,lfollisslv@yale.edu,Female,1955
36270,Ric,Derkes,rderkeslw@last.fm,Male,1938
35621,Bing,Thomassin,bthomassinlx@twitter.com,Male,1951
37372,Kevina,Effaunt,keffauntly@macromedia.com,Genderfluid,1944
39129,Natal,Harbord,nharbordlz@sakura.ne.jp,Male,1951
33949,Cecil,Andor,candorm0@cdc.gov,Female,1955
37568,Jacquelin,Careswell,jcareswellm1@chronoengine.com,Genderfluid,1968
33765,Brynna,Chaperling,bchaperlingm2@usnews.com,Female,1994
36551,Ugo,Bayley,ubayleym3@biblegateway.com,Male,1925
38897,Brice,MacLure,bmaclurem4@ustream.tv,Male,1952
37991,Donaugh,Trelease,dtreleasem5@cornell.edu,Male,2008
37361,Holly-anne,Reynard,hreynardm6@sitemeter.com,Female,1945
37207,Cheri,Jellico,cjellicom7@github.com,Female,1989
37573,Esta,De Giovanni,edegiovannim8@unc.edu,Female,1949
34385,Rafferty,Lindback,rlindbackm9@bizjournals.com,Male,1957
35335,Merrielle,Biggin,mbigginma@free.fr,Genderfluid,1960
30361,Tedda,Tapsfield,ttapsfieldmb@nih.gov,Female,1942
30167,Jermayne,Clowser,jclowsermc@mit.edu,Male,1968
33803,Bill,Gurge,bgurgemd@diigo.com,Male,1979
36859,Sigfried,Mallion,smallionme@example.com,Male,1985
39343,Koenraad,Basilotta,kbasilottamf@surveymonkey.com,Male,2005
34802,Chauncey,Cookley,ccookleymg@i2i.jp,Male,1985
38857,Tiffanie,Dunkerton,tdunkertonmh@instagram.com,Female,1957
39948,Gamaliel,Hillam,ghillammi@e-recht24.de,Genderfluid,1931
36364,Aubrey,Selvey,aselveymj@va.gov,Female,1973
32106,Brannon,Clute,bclutemk@mapy.cz,Male,1920
30095,Tannie,Limeburn,tlimeburnml@blogtalkradio.com,Non-binary,1965
35949,Woodman,Warman,wwarmanmm@sbwire.com,Male,1921
32518,Alberto,Annwyl,aannwylmn@printfriendly.com,Male,2008
38602,Mollie,Leechman,mleechmanmo@shop-pro.jp,Female,1932
32796,Lin,Bridell,lbridellmp@amazon.co.jp,Female,1928
30514,Juliana,Edgington,jedgingtonmq@auda.org.au,Female,2008
36394,Ely,Kier,ekiermr@taobao.com,Male,2006
30559,Junie,Bocke,jbockems@dropbox.com,Female,1941
34926,Rafferty,Meake,rmeakemt@harvard.edu,Male,2009
33307,Even,Van Son,evansonmu@mapquest.com,Male,1985
38856,Margalo,Bardill,mbardillmv@last.fm,Female,1995
38103,Jodi,Musselwhite,jmusselwhitemw@163.com,Male,1940
31215,Beck,Flemyng,bflemyngmx@weather.com,Male,2001
38031,Jefferson,Coskerry,jcoskerrymy@dailymotion.com,Male,1951
32906,Fae,Popeley,fpopeleymz@cnet.com,Female,2003
37386,Cheston,De Caville,cdecavillen0@wsj.com,Male,1923
37765,Ryun,Beales,rbealesn1@purevolume.com,Male,1925
36440,Rina,Earsman,rearsmann2@google.de,Female,1977
39036,Richmound,Twelves,rtwelvesn3@usa.gov,Male,1943
38549,Sharl,Assender,sassendern4@guardian.co.uk,Female,1925
30623,Heidi,Duckering,hduckeringn5@lycos.com,Female,1921
37286,Julianna,Cowhig,jcowhign6@hud.gov,Female,1951
35802,Toddie,Dunbleton,tdunbletonn7@toplist.cz,Male,1961
30905,Irita,Carillo,icarillon8@ucsd.edu,Female,1994
38605,Jamil,O'Loughnan,joloughnann9@twitpic.com,Male,1995
33538,Olivero,Moulson,omoulsonna@parallels.com,Male,1934
32979,Salome,Kobiera,skobieranb@mit.edu,Female,2008
34082,Eldon,Mallion,emallionnc@blinklist.com,Male,1949
35479,Thorsten,Wynter,twynternd@newyorker.com,Male,1961
36734,Fair,Jannequin,fjannequinne@patch.com,Male,1953
38217,Elfrida,Najara,enajaranf@icio.us,Bigender,1981
36220,Jacobo,Sayward,jsaywardng@sina.com.cn,Male,1973
37337,Alain,Dorsey,adorseynh@theatlantic.com,Male,1959
34510,Clifford,Baudou,cbaudouni@europa.eu,Male,1981
39325,Rayshell,Crevy,rcrevynj@w3.org,Female,1967
31221,Chrotoem,By,cbynk@indiatimes.com,Male,1969
37793,Bailie,Crimmins,bcrimminsnl@webeden.co.uk,Male,1936
39323,Noach,Bulward,nbulwardnm@ucoz.ru,Agender,1969
36949,Hildagard,Lonie,hlonienn@utexas.edu,Female,1923
36252,Jens,Addey,jaddeyno@theglobeandmail.com,Non-binary,1998
31274,Ralf,Monk,rmonknp@moonfruit.com,Male,1966
31589,Jeth,Parkes,jparkesnq@1und1.de,Male,1993
37549,Ferris,Gianetti,fgianettinr@wordpress.com,Male,1952
39144,Torr,Marple,tmarplens@cpanel.net,Male,1978
39022,Shaine,Taggerty,staggertynt@sciencedaily.com,Male,1922
39073,Emmerich,Menhenitt,emenhenittnu@google.fr,Male,1979
36879,Carly,Phalp,cphalpnv@opensource.org,Genderfluid,1962
36175,Trula,Bullivent,tbulliventnw@163.com,Female,1924
39951,Miquela,Cantopher,mcantophernx@i2i.jp,Female,1988
39703,Emanuele,Yarrington,eyarringtonny@mlb.com,Male,1941
36133,Zachariah,Garfoot,zgarfootnz@bing.com,Male,1942
32917,Addy,Franzel,afranzelo0@ted.com,Female,1938
35754,Trixy,Waple,twapleo1@lulu.com,Female,1990
34748,Thea,Collingridge,tcollingridgeo2@webeden.co.uk,Female,1927
31436,Aili,Galley,agalleyo3@dailymotion.com,Agender,1957
36034,Anna-maria,Spitell,aspitello4@meetup.com,Female,1931
36680,Alfonso,Ottewill,aottewillo5@loc.gov,Male,1945
39701,Shir,Courvert,scourverto6@theglobeandmail.com,Female,1960
39422,Stefano,Goakes,sgoakeso7@constantcontact.com,Male,1972
34221,Ellwood,Yggo,eyggoo8@about.com,Bigender,1952
32832,Patsy,Stonhewer,pstonhewero9@wix.com,Male,1929
32566,Bron,Glauber,bglauberoa@amazon.co.jp,Male,1922
36904,Shantee,Curragh,scurraghob@ask.com,Female,1980
32198,Cacilie,Huie,chuieoc@howstuffworks.com,Female,1955
35656,Ivar,Ollander,iollanderod@newsvine.com,Male,2005
33029,Rab,Seiller,rseilleroe@studiopress.com,Male,1981
33847,Aloysia,Ahrend,aahrendof@usa.gov,Female,1936
39588,Stormi,Rapa,srapaog@chronoengine.com,Female,1924
38358,Marje,Jewis,mjewisoh@phpbb.com,Female,2010
30015,Jeanna,Castana,jcastanaoi@upenn.edu,Female,1936
36015,Karel,Lawrie,klawrieoj@bloglines.com,Female,1995
33341,Juanita,Yarn,jyarnok@weibo.com,Female,1982
36402,Logan,Rousell,lrousellol@zimbio.com,Male,1989
35259,Tabb,Goodge,tgoodgeom@nba.com,Male,1970
31596,Sandor,Blasgen,sblasgenon@biblegateway.com,Male,2008
32439,Devi,Flippelli,dflippellioo@deliciousdays.com,Female,1925
32295,Zonda,Dorken,zdorkenop@psu.edu,Female,1961
35275,Grantham,Hammerich,ghammerichoq@squidoo.com,Male,1954
31601,Heather,Barczynski,hbarczynskior@multiply.com,Female,2007
35712,Stan,Davidde,sdaviddeos@imdb.com,Male,1933
39934,Teodora,Coldtart,tcoldtartot@t-online.de,Polygender,2001
30445,Lew,Pancoust,lpancoustou@woothemes.com,Male,2002
39091,Elisabeth,Cunney,ecunneyov@sourceforge.net,Female,1973
34608,Nero,Beeby,nbeebyow@patch.com,Male,1924
33641,Marla,Reims,mreimsox@biglobe.ne.jp,Female,1979
38353,Prescott,Ragles,praglesoy@theguardian.com,Male,1955
39634,Lucy,Dally,ldallyoz@wired.com,Female,1974
36406,Everett,Faircliff,efaircliffp0@unblog.fr,Male,1962
36645,Bernadina,Hollidge,bhollidgep1@etsy.com,Bigender,1967
34110,Annabel,Lamprey,alampreyp2@forbes.com,Female,1945
35030,Almeria,Fortun,afortunp3@slideshare.net,Non-binary,1967
36870,Jania,Beadham,jbeadhamp4@state.gov,Non-binary,1961
37032,Ximenez,Stuckow,xstuckowp5@gnu.org,Male,2000
33440,Jimmy,McKay,jmckayp6@last.fm,Male,1975
32050,Tymothy,Lafond,tlafondp7@bluehost.com,Male,1973
32176,Alida,Zanicchelli,azanicchellip8@sohu.com,Female,1990
38170,Norris,Sibille,nsibillep9@liveinternet.ru,Male,1972
33033,Renee,Scarr,rscarrpa@wufoo.com,Female,2003
35998,Hollie,Conningham,hconninghampb@taobao.com,Female,1964
34602,Amity,Ivanets,aivanetspc@edublogs.org,Female,1985
38709,Sergent,Forsyde,sforsydepd@zimbio.com,Male,1921
35790,Rustin,Gamell,rgamellpe@indiatimes.com,Male,1934
33463,Arielle,Seiller,aseillerpf@statcounter.com,Female,1967
36533,Rosaleen,Hardbattle,rhardbattlepg@issuu.com,Female,2004
39028,Masha,Faill,mfaillph@abc.net.au,Female,1992
36990,Terence,Asquith,tasquithpi@quantcast.com,Male,1929
30143,Bourke,Burrell,bburrellpj@usda.gov,Male,1955
32522,Guy,Fellgate,gfellgatepk@unicef.org,Male,1958
37649,Mattheus,Macconachy,mmacconachypl@msn.com,Genderqueer,1986
35618,Lars,Kipping,lkippingpm@yale.edu,Male,1974
38437,Kassey,Vitall,kvitallpn@istockphoto.com,Female,2002
31969,Vaughn,Middlewick,vmiddlewickpo@cmu.edu,Male,1996
33377,Cherrita,Richards,crichardspp@wikimedia.org,Female,2003
30265,Cort,Deddum,cdeddumpq@princeton.edu,Male,1929
37671,Arlene,Mewis,amewispr@squidoo.com,Female,1960
33949,Jeannette,Clery,jcleryps@goo.gl,Female,1974
30474,Gabriel,Fairtlough,gfairtloughpt@vimeo.com,Male,1999
33938,Antonio,Learmonth,alearmonthpu@harvard.edu,Male,1945
31960,Walsh,Simionescu,wsimionescupv@symantec.com,Male,1954
32220,Horst,Matthias,hmatthiaspw@wikispaces.com,Male,1979
31698,Lenee,Beltzner,lbeltznerpx@jalbum.net,Female,1983
32989,Ingamar,Gilligan,igilliganpy@nih.gov,Male,2001
33541,Reiko,Burberry,rburberrypz@chron.com,Female,1927
32111,Richart,Klinck,rklinckq0@hibu.com,Polygender,1938
39523,Rivkah,Ambrosi,rambrosiq1@wikia.com,Female,1945
36849,Mechelle,McComb,mmccombq2@hexun.com,Female,1961
33459,Griff,Dalziel,gdalzielq3@nsw.gov.au,Male,1953
38776,Ninette,Markushkin,nmarkushkinq4@themeforest.net,Female,1989
35399,Micki,McCauley,mmccauleyq5@xinhuanet.com,Female,1987
35862,Audy,Yallowley,ayallowleyq6@shinystat.com,Female,1979
31703,Emalee,Kleinberer,ekleinbererq7@xing.com,Female,1942
38563,Ike,McIndoe,imcindoeq8@oakley.com,Male,2002
32250,Brier,Watting,bwattingq9@time.com,Female,1966
31027,Hillery,Claffey,hclaffeyqa@pcworld.com,Genderqueer,1943
30231,Townsend,Vanyashin,tvanyashinqb@newyorker.com,Male,1966
31097,Philippine,Lukes,plukesqc@wunderground.com,Female,1984
39887,Barr,Harlin,bharlinqd@topsy.com,Male,1974
36633,Sigismond,Kinnear,skinnearqe@accuweather.com,Male,1998
33731,Lora,Narramore,lnarramoreqf@google.com.br,Female,2007
36605,Letty,Whall,lwhallqg@1und1.de,Female,1950
30362,Keven,Doogan,kdooganqh@diigo.com,Male,1996
32615,Flory,Dawid,fdawidqi@comcast.net,Female,1954
36246,Emilia,Alloisi,ealloisiqj@reference.com,Female,1928
35509,Beverley,Myrie,bmyrieqk@symantec.com,Female,1935
30265,Lance,Mattiuzzi,lmattiuzziql@examiner.com,Male,1992
34401,Fran,Venning,fvenningqm@digg.com,Male,1956
35340,Burty,Blaxton,bblaxtonqn@jugem.jp,Male,1972
36386,Courtney,Theis,ctheisqo@tripod.com,Male,1981
38057,Vassily,Rosenstein,vrosensteinqp@dmoz.org,Male,1997
37017,Vick,Connechy,vconnechyqq@squarespace.com,Male,1927
39432,Vite,Newsome,vnewsomeqr@list-manage.com,Male,2004
33112,Leoline,Arblaster,larblasterqs@usatoday.com,Female,1940
30543,Winnie,Jacobovitz,wjacobovitzqt@reference.com,Genderqueer,1928
37514,Teodor,Ronchi,tronchiqu@sciencedirect.com,Male,1996
32640,Sander,O'Neill,soneillqv@wunderground.com,Male,1960
33451,Inez,Bircher,ibircherqw@ehow.com,Female,2001
31412,Maison,Vile,mvileqx@amazon.co.uk,Male,1951
35163,Holden,Marrill,hmarrillqy@qq.com,Male,2009
37324,Sibeal,Fortye,sfortyeqz@state.tx.us,Female,1949
38249,Lu,Barthelme,lbarthelmer0@clickbank.net,Female,1981
31313,Brand,Kersey,bkerseyr1@irs.gov,Male,1964
37745,Winna,Foulgham,wfoulghamr2@is.gd,Female,1961
31562,Winny,Howles,whowlesr3@csmonitor.com,Male,1922
31060,Vinnie,Thexton,vthextonr4@twitpic.com,Polygender,1977
38292,Augustin,Menauteau,amenauteaur5@toplist.cz,Male,2005
38173,Lane,McIlmorow,lmcilmorowr6@shop-pro.jp,Female,1953
39817,Dannel,Mattiello,dmattiellor7@cbslocal.com,Male,1955
39849,Mose,Bartlomiejczyk,mbartlomiejczykr8@goo.gl,Male,1929
32153,Willard,Sansom,wsansomr9@ebay.com,Male,1996
33944,Udale,Tarry,utarryra@usda.gov,Agender,1982
34019,Hall,Cabena,hcabenarb@msu.edu,Male,1924
31748,Addy,Renne,arennerc@reverbnation.com,Female,1944
34193,Gonzales,Gardener,ggardenerrd@google.ca,Male,1971
31960,Inge,Methven,imethvenre@baidu.com,Polygender,1990
33089,Claiborn,Ianni,ciannirf@phoca.cz,Male,1988
37403,Lita,Thatcher,lthatcherrg@ft.com,Female,1988
33918,Bathsheba,Gjerde,bgjerderh@netscape.com,Female,2009
36613,Cosetta,Wanklyn,cwanklynri@msu.edu,Female,1971
37388,Phaedra,Nolton,pnoltonrj@bloglovin.com,Female,1922
31261,Carney,Harrhy,charrhyrk@house.gov,Male,1992
31275,Alidia,Cockerton,acockertonrl@goo.ne.jp,Female,1973
33282,Moses,Tandy,mtandyrm@goodreads.com,Male,1921
34123,Valery,Pate,vpatern@slashdot.org,Female,1989
37236,Emogene,Caherny,ecahernyro@wisc.edu,Female,1967
31574,Celisse,Ethelston,cethelstonrp@tumblr.com,Female,1959
35543,Daron,Willimot,dwillimotrq@stanford.edu,Male,1968
37659,Kinnie,Keddie,kkeddierr@telegraph.co.uk,Male,1952
