library_card_id,first_name,last_name,email,gender,birth_year
51751,Martainn,Ruttgers,mruttgers0@facebook.com,Male,1990
58761,Sal,Paeckmeyer,spaeckmeyer1@icq.com,Male,1937
53209,Georg,Fallowes,gfallowes2@mit.edu,Male,1949
50944,Merridie,Jovic,mjovic3@oaic.gov.au,Polygender,1993
50437,Sawyer,Dewis,sdewis4@so-net.ne.jp,Male,1947
57907,Damon,Whybray,dwhybray5@hubpages.com,Male,1955
56092,Aldus,Downey,adowney6@howstuffworks.com,Male,1957
54308,Samara,Ireson,sireson7@pcworld.com,Female,1979
56925,Marijo,Dearden,mdearden8@parallels.com,Female,2003
51842,Hill,McRae,hmcrae9@trellian.com,Male,1961
58844,Paloma,Iacopetti,piacopettia@typepad.com,Female,1984
52103,Ernie,Calverd,ecalverdb@digg.com,Male,1926
58875,Merilee,Minette,mminettec@miibeian.gov.cn,Female,1989
51350,Dal,McSkin,dmcskind@unblog.fr,Male,1968
50313,Nissy,Janus,njanuse@freewebs.com,Female,1944
54359,Zebadiah,Curnokk,zcurnokkf@biglobe.ne.jp,Bigender,1956
58777,Ronalda,Lampart,rlampartg@adobe.com,Female,2008
57685,Elissa,Alpine,ealpineh@tinypic.com,Female,1983
52968,Maurene,Pilmore,mpilmorei@gov.uk,Female,1937
52646,Eyde,LaBastida,elabastidaj@rambler.ru,Female,1931
55197,Dannye,Stebles,dsteblesk@blogspot.com,Female,1998
50487,Aube,Chad,achadl@nymag.com,Male,2002
57058,Kevyn,Sherebrooke,ksherebrookem@seattletimes.com,Female,1982
58672,Lorelei,Searle,lsearlen@multiply.com,Agender,1921
58897,Parke,Clohisey,pclohiseyo@lulu.com,Male,1935
50615,Shalom,Kiebes,skiebesp@wiley.com,Male,2002
56894,Lucius,Brister,lbristerq@youku.com,Male,2004
55033,Damien,Wherton,dwhertonr@free.fr,Male,2005
51301,Gratiana,Dodamead,gdodameads@google.com.br,Female,2003
59715,Alica,Cyster,acystert@ftc.gov,Female,1932
54986,Duke,Chicchelli,dchicchelliu@google.com.au,Male,1996
52030,Dunn,Lenahan,dlenahanv@issuu.com,Male,2003
58494,Wynn,Marchenko,wmarchenkow@digg.com,Male,1952
51449,Star,Mushawe,smushawex@ezinearticles.com,Female,1964
53080,Curran,Jennison,cjennisony@skyrock.com,Male,1921
56283,Jilleen,Punter,jpunterz@umich.edu,Female,1927
53926,Westleigh,Monsey,wmonsey10@dyndns.org,Male,1921
58305,Cheston,Caseborne,ccaseborne11@un.org,Male,1932
50362,Dierdre,Abisetti,dabisetti12@hubpages.com,Female,1992
56944,Frank,Teulier,fteulier13@wunderground.com,Male,1983
50899,Cherilynn,Nevitt,cnevitt14@ocn.ne.jp,Female,2009
50060,Kenon,Morant,kmorant15@state.tx.us,Polygender,1974
52618,Anne,Assaf,aassaf16@nih.gov,Female,2010
58856,Berk,Barry,bbarry17@washingtonpost.com,Male,1979
57154,Luce,Paolozzi,lpaolozzi18@odnoklassniki.ru,Female,2009
57706,Mozelle,Tiffany,mtiffany19@umn.edu,Female,1933
59323,Janine,Simonot,jsimonot1a@over-blog.com,Female,1998
50843,Cody,Purdom,cpurdom1b@technorati.com,Male,1928
51802,Dal,Garaway,dgaraway1c@webs.com,Male,2009
54483,Romy,Radnage,rradnage1d@about.com,Female,1922
52784,Delmor,Sawell,dsawell1e@nasa.gov,Male,1990
52850,Simonne,Andries,sandries1f@clickbank.net,Female,1963
59281,Jeane,Durrell,jdurrell1g@utexas.edu,Female,1989
56533,Emory,Dennett,edennett1h@ox.ac.uk,Male,1949
50555,Trista,O'Day,today1i@bbb.org,Female,2004
56808,Lou,Griniov,lgriniov1j@canalblog.com,Female,1945
54333,Hartley,Ogg,hogg1k@alibaba.com,Male,1974
59406,Sidney,Kleinert,skleinert1l@cnbc.com,Male,1935
52941,Gunther,Borrowman,gborrowman1m@purevolume.com,Male,1997
54107,Angie,Reisk,areisk1n@quantcast.com,Male,1955
50729,Eachelle,Scobbie,escobbie1o@tamu.edu,Female,2010
52976,Shelli,Bourgour,sbourgour1p@hugedomains.com,Female,1989
51926,Towney,Kimbell,tkimbell1q@storify.com,Male,1998
56674,Fredric,Ceeley,fceeley1r@wikia.com,Male,1988
57521,Virgie,Proughten,vproughten1s@adobe.com,Male,1955
55959,Hyatt,Cunde,hcunde1t@dmoz.org,Male,1986
55529,Web,Deering,wdeering1u@wikipedia.org,Male,1970
55769,Payton,Longland,plongland1v@purevolume.com,Polygender,1977
53893,Federico,Chatain,fchatain1w@reverbnation.com,Male,1928
50454,Horton,Korbmaker,hkorbmaker1x@liveinternet.ru,Male,1970
56753,Agatha,Ekless,aekless1y@foxnews.com,Female,1945
50987,Lisbeth,Bodemeaid,lbodemeaid1z@php.net,Female,1973
57638,Roxane,Daniel,rdaniel20@flickr.com,Agender,2003
55594,Cathrin,Gillbe,cgillbe21@auda.org.au,Non-binary,1963
56628,Clementia,Linacre,clinacre22@networksolutions.com,Female,1936
52547,Leigh,Kinder,lkinder23@altervista.org,Female,2003
59929,Zacharia,Kinnier,zkinnier24@rediff.com,Polygender,1925
54804,Jennica,Fante,jfante25@independent.co.uk,Female,2007
52775,Elora,Crowter,ecrowter26@friendfeed.com,Female,2002
58049,Chickie,Serris,cserris27@homestead.com,Male,1944
55530,Stefan,Wallentin,swallentin28@umn.edu,Male,2003
59709,Tatiana,Spoor,tspoor29@earthlink.net,Female,1946
56470,Alister,Guage,aguage2a@gov.uk,Male,1967
57038,Pennie,Hardy-Piggin,phardypiggin2b@ifeng.com,Male,1980
55479,Lillian,Raunds,lraunds2c@vistaprint.com,Female,1959
51679,Jolynn,Struther,jstruther2d@wp.com,Genderfluid,1962
51945,Claiborne,Ivantyev,civantyev2e@fastcompany.com,Male,1934
57125,Pepito,Secretan,psecretan2f@marriott.com,Male,1977
57054,Feliza,Falck,ffalck2g@yellowbook.com,Female,2009
52200,Bill,Harner,bharner2h@merriam-webster.com,Male,1987
52431,Bria,Weerdenburg,bweerdenburg2i@hao123.com,Female,1974
50391,Lorrie,Le Barr,llebarr2j@odnoklassniki.ru,Female,1955
51591,Hugo,McKimm,hmckimm2k@edublogs.org,Male,2004
55767,Tiphani,Luciani,tluciani2l@geocities.jp,Female,1947
51682,Marie,Sammon,msammon2m@mapy.cz,Female,1975
50107,Chic,Woolaghan,cwoolaghan2n@ucsd.edu,Genderfluid,1971
52149,Seth,Bootell,sbootell2o@twitpic.com,Male,1982
55697,Patience,Jeenes,pjeenes2p@nytimes.com,Female,1941
58580,Lindsay,Perle,lperle2q@nyu.edu,Female,1975
56138,Marylynne,Scutching,mscutching2r@bluehost.com,Female,1925
53482,Nobie,Aldrin,naldrin2s@freewebs.com,Male,1974
57792,Sanderson,Foskett,sfoskett2t@apache.org,Non-binary,1949
50308,Saul,Blatherwick,sblatherwick2u@free.fr,Male,1952
54750,Nikola,Swinburn,nswinburn2v@java.com,Male,2005
56083,Boigie,Lines,blines2w@php.net,Male,1920
50178,Tammy,Buick,tbuick2x@jiathis.com,Female,1944
59294,Pembroke,Pawlicki,ppawlicki2y@mediafire.com,Male,1972
55877,Orran,Cinelli,ocinelli2z@privacy.gov.au,Male,1995
58743,Antonietta,Legerwood,alegerwood30@odnoklassniki.ru,Female,1923
53362,Harrietta,Phillott,hphillott31@reddit.com,Female,1979
57884,Lucais,Duckitt,lduckitt32@archive.org,Male,1989
58903,Maure,Clark,mclark33@ucoz.ru,Female,1995
53326,Sidonnie,Brouard,sbrouard34@mapquest.com,Female,1955
50748,Buckie,Teasdale-Markie,bteasdalemarkie35@tuttocitta.it,Male,1937
55509,Aubrette,Vineall,avineall36@lycos.com,Female,1990
52474,Meredith,Fley,mfley37@addtoany.com,Male,2001
59480,Constantine,Spenceley,cspenceley38@census.gov,Female,1967
57401,Killian,Louche,klouche39@aboutads.info,Male,1932
58743,Ingaborg,Cornner,icornner3a@webmd.com,Female,1958
56656,Rebbecca,Bread,rbread3b@ucla.edu,Female,1980
57556,Zsazsa,Babbidge,zbabbidge3c@un.org,Bigender,1982
59740,Allistir,Geraldez,ageraldez3d@nasa.gov,Male,1987
54644,Brendan,Andrewartha,bandrewartha3e@dot.gov,Male,1995
57497,Krystle,Seadon,kseadon3f@eventbrite.com,Female,2000
53048,Ebenezer,Raincin,eraincin3g@studiopress.com,Male,1958
56258,Michal,Leavy,mleavy3h@tinyurl.com,Female,1960
55353,Joseph,Roderigo,jroderigo3i@mayoclinic.com,Male,1958
58519,Nester,Delucia,ndelucia3j@yolasite.com,Male,1926
50596,Redd,Skitteral,rskitteral3k@vkontakte.ru,Male,1997
50935,Olwen,Offill,ooffill3l@linkedin.com,Female,1988
52678,Frank,Torrejon,ftorrejon3m@wikipedia.org,Male,1934
58634,Leonie,Gimson,lgimson3n@technorati.com,Female,1989
51890,Orelia,Jerdan,ojerdan3o@marriott.com,Female,1934
58405,Niccolo,Clowton,nclowton3p@blogspot.com,Male,1973
57721,Ikey,Stoyles,istoyles3q@nsw.gov.au,Male,1969
56232,Dewitt,Brugh,dbrugh3r@washingtonpost.com,Male,2003
51322,Tami,Dugget,tdugget3s@dell.com,Female,1998
50101,Blanche,Brea,bbrea3t@php.net,Female,1921
56399,Dmitri,Louiset,dlouiset3u@pagesperso-orange.fr,Male,1974
59245,Kennan,Welbelove,kwelbelove3v@mapy.cz,Male,1944
54283,Corny,Houseman,chouseman3w@clickbank.net,Male,1985
51409,Ade,Biford,abiford3x@artisteer.com,Male,1972
53989,Dre,Guerreru,dguerreru3y@clickbank.net,Female,1946
50285,Tommie,Emmanuel,temmanuel3z@xing.com,Female,1973
54876,Dyana,Gravenell,dgravenell40@mapquest.com,Female,1975
58411,Krystalle,Kydd,kkydd41@plala.or.jp,Female,1925
57368,Abner,Pringell,apringell42@apple.com,Male,1986
51861,Lisetta,Sanday,lsanday43@columbia.edu,Female,1954
57991,Orsa,Druery,odruery44@hostgator.com,Female,1971
50347,Beltran,Hannam,bhannam45@google.co.uk,Male,1947
50879,Coletta,Van den Broek,cvandenbroek46@sogou.com,Female,2008
54516,Dulcinea,Phippard,dphippard47@prweb.com,Female,1922
59634,Livvie,Rainsden,lrainsden48@bigcartel.com,Female,1968
51700,Peria,Belding,pbelding49@godaddy.com,Bigender,1968
59118,Teri,Chue,tchue4a@mysql.com,Female,1938
54957,Janis,Ivery,jivery4b@sohu.com,Female,2005
54029,Ginnifer,Moro,gmoro4c@phoca.cz,Female,1994
56899,Kaiser,Fowlie,kfowlie4d@google.com,Male,1969
59983,Shawna,Conradie,sconradie4e@nytimes.com,Female,1925
50062,Valentino,Szimon,vszimon4f@storify.com,Male,1941
53644,Andrew,Wrightem,awrightem4g@livejournal.com,Male,1995
54934,Christophorus,O'Kinneally,cokinneally4h@themeforest.net,Male,1945
59696,Llywellyn,Walework,lwalework4i@huffingtonpost.com,Male,1970
59693,Cinda,Giacovazzo,cgiacovazzo4j@ycombinator.com,Female,1978
59211,Isidore,Reford,ireford4k@blogs.com,Male,2004
50728,Micaela,Matton,mmatton4l@cocolog-nifty.com,Female,1999
56734,Tailor,Libbe,tlibbe4m@springer.com,Male,1990
58141,Pippy,Pratten,ppratten4n@mozilla.com,Female,1980
55450,Leonard,Barrus,lbarrus4o@dot.gov,Male,1938
59041,Naoma,Terrey,nterrey4p@wikispaces.com,Agender,1975
59126,Edvard,Bugge,ebugge4q@cdc.gov,Male,1937
56936,Verina,Symms,vsymms4r@t-online.de,Female,1964
58029,Bryn,Bridgwood,bbridgwood4s@over-blog.com,Female,1928
54173,Roselle,Athridge,rathridge4t@twitpic.com,Female,1981
58862,Fidel,Llewelly,fllewelly4u@cafepress.com,Male,1928
59478,Merralee,Boissieux,mboissieux4v@dailymotion.com,Female,1927
58730,Nady,Soares,nsoares4w@homestead.com,Female,1942
59674,Carson,Gillian,cgillian4x@flickr.com,Male,2009
58304,Eugen,Gilhooly,egilhooly4y@1und1.de,Bigender,1980
54564,Nicolette,Verlinden,nverlinden4z@dailymail.co.uk,Bigender,1924
58423,Verge,Earl,vearl50@ovh.net,Male,2002
50873,Gael,Shakespeare,gshakespeare51@wiley.com,Male,2007
54618,Eal,Poone,epoone52@deviantart.com,Male,2008
51651,Gaspard,MacPaden,gmacpaden53@ihg.com,Male,1927
59541,Gard,Austen,gausten54@bluehost.com,Male,1946
56503,Gayle,Rubinfeld,grubinfeld55@twitpic.com,Female,1961
53534,Liliane,Jacquemy,ljacquemy56@flavors.me,Female,1989
58688,Claudianus,Pharoah,cpharoah57@microsoft.com,Male,1933
59880,Eugenio,Garstang,egarstang58@jiathis.com,Male,1978
59057,Forster,Perrelli,fperrelli59@wp.com,Male,1974
51551,Wesley,MacKain,wmackain5a@marketwatch.com,Male,1967
52038,Susette,Rix,srix5b@slideshare.net,Female,1955
56830,Joell,Gislebert,jgislebert5c@oracle.com,Female,1969
55790,Willdon,Von Helmholtz,wvonhelmholtz5d@deliciousdays.com,Genderfluid,1985
52239,Madeleine,Knappe,mknappe5e@soup.io,Female,1936
55433,Cele,Janouch,cjanouch5f@mediafire.com,Female,1956
52510,Tomi,Qusklay,tqusklay5g@imgur.com,Female,1945
53148,Linoel,Morfell,lmorfell5h@paypal.com,Male,1992
59691,Arley,Jonson,ajonson5i@weibo.com,Male,1943
50094,Dirk,Exell,dexell5j@dedecms.com,Male,1980
58026,Velma,Aspin,vaspin5k@sina.com.cn,Female,1963
53785,Timmie,Darycott,tdarycott5l@topsy.com,Male,1935
59406,Ulises,Newburn,unewburn5m@bizjournals.com,Male,1972
53705,Farly,Stannis,fstannis5n@paginegialle.it,Male,1945
53264,Odella,Janacek,ojanacek5o@vk.com,Female,1955
54004,Cullie,Rounsefull,crounsefull5p@dedecms.com,Male,1925
57241,Elbertine,Carnoghan,ecarnoghan5q@apache.org,Female,1926
54494,Devina,Suche,dsuche5r@github.io,Female,1951
53693,Renato,Thomassin,rthomassin5s@example.com,Male,1961
56495,Saree,Maty,smaty5t@sphinn.com,Female,1946
58623,Dalia,Saggs,dsaggs5u@ocn.ne.jp,Female,2001
54359,Arie,Ciotti,aciotti5v@ft.com,Male,1929
51547,Hadleigh,Sabin,hsabin5w@furl.net,Male,1931
53800,Wheeler,Tattersfield,wtattersfield5x@bigcartel.com,Male,1996
57360,Phip,Child,pchild5y@bing.com,Male,1942
52724,Stacy,Wonter,swonter5z@bravesites.com,Female,1960
51890,Kippar,Manna,kmanna60@dion.ne.jp,Male,1974
51789,Andie,Moakes,amoakes61@bravesites.com,Male,1986
57799,Thedrick,Keating,tkeating62@google.com.hk,Male,1997
52896,Alayne,O'Shields,aoshields63@wired.com,Female,1999
54742,Christabel,Loftus,cloftus64@reuters.com,Female,1972
58639,Myrlene,Juggings,mjuggings65@sciencedirect.com,Female,1937
55825,Joceline,Hantusch,jhantusch66@bbc.co.uk,Female,1952
50363,Edgard,Peasby,epeasby67@gizmodo.com,Male,1966
53410,Tammi,Kippax,tkippax68@google.com.au,Female,1949
50871,Jodi,Fasler,jfasler69@un.org,Male,1997
53181,Munmro,Ruggieri,mruggieri6a@livejournal.com,Male,1965
51587,Tabbitha,St Clair,tstclair6b@google.co.uk,Female,1976
53285,Maddy,Beddoe,mbeddoe6c@parallels.com,Male,2008
50102,Averill,Enright,aenright6d@phoca.cz,Genderfluid,1979
53591,Cornell,Wims,cwims6e@squidoo.com,Male,1938
52689,Salaidh,Downie,sdownie6f@usatoday.com,Female,1951
59274,Gallagher,Bierton,gbierton6g@artisteer.com,Male,1975
50298,Rosaleen,Niave,rniave6h@cornell.edu,Female,1969
55184,Billie,Yitzovicz,byitzovicz6i@buzzfeed.com,Male,1956
51371,Tab,Keattch,tkeattch6j@theguardian.com,Male,1935
57455,Gardy,Seiler,gseiler6k@baidu.com,Male,1944
58388,Theresita,Skures,tskures6l@uol.com.br,Female,1979
54505,Roxane,Eat,reat6m@nature.com,Female,1935
50492,Ev,Easterling,eeasterling6n@marketwatch.com,Male,1924
50189,Caesar,Pate,cpate6o@cocolog-nifty.com,Male,1995
50367,Caz,Cardero,ccardero6p@reverbnation.com,Male,1980
51532,Rube,Stuchburie,rstuchburie6q@freewebs.com,Male,1928
54826,Danielle,Fauning,dfauning6r@usnews.com,Female,1945
56360,Englebert,Ellerker,eellerker6s@pen.io,Male,1935
59612,Federica,Edridge,fedridge6t@mac.com,Female,1976
54270,Bellanca,Nurden,bnurden6u@discuz.net,Female,1989
51548,Joyann,Uren,juren6v@symantec.com,Female,1941
50560,Giffy,Quartermain,gquartermain6w@bloomberg.com,Male,1983
58844,Lamont,McAvey,lmcavey6x@wikimedia.org,Male,1975
51629,Dollie,Donovan,ddonovan6y@tuttocitta.it,Female,1924
56552,Winifield,Thebeau,wthebeau6z@mit.edu,Male,1982
53064,Katerina,Toohey,ktoohey70@washington.edu,Female,1963
58191,Raoul,Bullingham,rbullingham71@netvibes.com,Genderqueer,1950
58327,Diahann,Bernolet,dbernolet72@lulu.com,Female,1974
56600,Clevie,Rozalski,crozalski73@bandcamp.com,Male,1957
53198,Devlin,Linney,dlinney74@gmpg.org,Male,1986
50000,Tawsha,Dixey,tdixey75@digg.com,Female,1954
50893,Lesya,Shimoni,lshimoni76@amazon.com,Female,1945
54134,Kalli,Medlen,kmedlen77@bizjournals.com,Female,2009
53915,Latrina,Stringer,lstringer78@wordpress.com,Female,1963
51618,Debra,Becom,dbecom79@trellian.com,Female,1967
53930,Inessa,Romero,iromero7a@creativecommons.org,Female,1990
54578,Ardeen,Persian,apersian7b@dedecms.com,Female,1964
58301,Monro,Cremins,mcremins7c@google.ru,Male,2003
59533,Erastus,Mell,emell7d@seattletimes.com,Male,1991
53093,Bearnard,Bilham,bbilham7e@salon.com,Male,1988
57463,Sebastien,Cameron,scameron7f@usda.gov,Male,1940
50221,Winona,Gillfillan,wgillfillan7g@squidoo.com,Female,1972
51770,Olly,Battle,obattle7h@usgs.gov,Male,1946
56028,Marika,Pellington,mpellington7i@prnewswire.com,Female,1978
50385,Titus,Domniney,tdomniney7j@nsw.gov.au,Male,1937
57317,Francyne,Stallion,fstallion7k@sakura.ne.jp,Female,1959
54209,Rolando,Websdale,rwebsdale7l@accuweather.com,Male,1924
58798,Jaye,Malenoir,jmalenoir7m@skyrock.com,Genderfluid,1946
58502,Obidiah,O'Spellissey,oospellissey7n@google.cn,Male,1940
59641,Tulley,Ryves,tryves7o@state.tx.us,Male,1954
59204,Flinn,Lescop,flescop7p@examiner.com,Male,1977
55324,Casey,Canfield,ccanfield7q@g.co,Female,1991
51777,Rey,Stelli,rstelli7r@1und1.de,Male,1943
59079,Jerrine,Comolli,jcomolli7s@nifty.com,Female,1954
54067,Derk,Doumenc,ddoumenc7t@merriam-webster.com,Male,1926
52200,Beryle,Szimoni,bszimoni7u@shinystat.com,Female,1987
53707,Randolf,Douch,rdouch7v@yandex.ru,Male,1984
51389,Darb,Inchboard,dinchboard7w@oaic.gov.au,Male,1933
56281,Roma,Longley,rlongley7x@163.com,Male,1994
52950,Carroll,Agett,cagett7y@wsj.com,Female,1963
53949,Jennilee,Laker,jlaker7z@weibo.com,Female,1950
50752,Cris,Basire,cbasire80@issuu.com,Male,1996
55454,Blakeley,Sanderson,bsanderson81@springer.com,Female,1935
52601,Roman,Fulford,rfulford82@alexa.com,Male,1967
52652,Niels,Itzakson,nitzakson83@wikipedia.org,Male,1927
55315,Adaline,Cabera,acabera84@diigo.com,Female,1972
59526,Reinhard,Kidsley,rkidsley85@godaddy.com,Male,1960
59790,Kathi,Rollett,krollett86@t.co,Female,2004
54623,Analiese,Sutworth,asutworth87@ezinearticles.com,Female,1973
56124,Ced,Pilkington,cpilkington88@eventbrite.com,Male,1958
56317,Bette-ann,Wines,bwines89@dailymotion.com,Female,1933
57175,Tabbie,MacCallister,tmaccallister8a@bravesites.com,Female,1970
57735,Nevil,Nelm,nnelm8b@sourceforge.net,Male,1925
58683,Willyt,Bosman,wbosman8c@ocn.ne.jp,Female,2004
56934,Reece,Riccioppo,rriccioppo8d@sourceforge.net,Male,1966
51802,Eadie,Deyes,edeyes8e@soup.io,Female,1997
54312,Tanner,Welford,twelford8f@utexas.edu,Male,1994
57008,Torre,Shird,tshird8g@hugedomains.com,Male,1935
58779,Sebastien,Mc Faul,smcfaul8h@geocities.com,Male,2008
56240,Caryl,Ladds,cladds8i@howstuffworks.com,Male,1985
50947,Gertrudis,Bradly,gbradly8j@columbia.edu,Female,1944
55375,Gladys,Cosely,gcosely8k@hud.gov,Female,1963
50295,Vinny,Burrell,vburrell8l@mac.com,Female,1920
55419,Reggy,Moore,rmoore8m@nationalgeographic.com,Male,1997
52787,Myrtie,Ferrand,mferrand8n@gmpg.org,Female,1993
53265,Ketty,Weiser,kweiser8o@gravatar.com,Bigender,2002
55089,Alvin,Deerr,adeerr8p@vinaora.com,Male,1966
57771,Carlotta,Gauge,cgauge8q@theatlantic.com,Female,2003
54747,Robby,Matskiv,rmatskiv8r@sun.com,Male,1957
58090,Junette,Vardey,jvardey8s@uol.com.br,Agender,1928
55766,Sargent,Roisen,sroisen8t@wikia.com,Male,2003
52177,Kelsey,Longden,klongden8u@spiegel.de,Female,1957
58129,Alick,MacVean,amacvean8v@booking.com,Male,1933
58239,Morie,Kerman,mkerman8w@dedecms.com,Genderqueer,1935
50418,Calvin,Whotton,cwhotton8x@wikimedia.org,Genderfluid,1925
54827,Melvin,Gavozzi,mgavozzi8y@toplist.cz,Male,1985
53447,Kristopher,Penberthy,kpenberthy8z@arstechnica.com,Male,2000
55239,Chrystel,McCurley,cmccurley90@wix.com,Female,2004
50764,Osbert,Sedgeworth,osedgeworth91@fotki.com,Male,1929
51902,Priscilla,Barnewille,pbarnewille92@soundcloud.com,Female,1962
56177,Geraldine,Cathenod,gcathenod93@zimbio.com,Female,2002
52062,Phoebe,Sturrock,psturrock94@paypal.com,Genderqueer,1970
57295,Monah,Camplejohn,mcamplejohn95@guardian.co.uk,Female,1921
55420,Chester,Pidgen,cpidgen96@twitpic.com,Male,1997
50749,Jessie,Naulty,jnaulty97@bing.com,Female,1964
54752,Saw,Burfoot,sburfoot98@baidu.com,Male,2004
59109,Magnum,Wortley,mwortley99@oracle.com,Male,1958
57708,Natty,Snartt,nsnartt9a@senate.gov,Female,1923
51331,Allan,Metzke,ametzke9b@google.cn,Male,2009
55954,Clifford,Kirman,ckirman9c@noaa.gov,Male,1949
53759,Dominique,Clayborn,dclayborn9d@amazon.de,Male,1954
50119,Joceline,Sedge,jsedge9e@fastcompany.com,Female,1972
55568,Norry,Croyser,ncroyser9f@w3.org,Male,1939
52753,Leonidas,Inglish,linglish9g@engadget.com,Male,1962
52082,Angelika,Blose,ablose9h@imgur.com,Female,1970
54120,Olivie,Dadley,odadley9i@rediff.com,Female,1959
55086,Malissa,Stenyng,mstenyng9j@barnesandnoble.com,Female,1930
58217,Violante,Thonger,vthonger9k@printfriendly.com,Female,1999
52001,Frankie,Peters,fpeters9l@ibm.com,Male,1978
55693,Happy,D'eath,hdeath9m@thetimes.co.uk,Female,1958
55136,Moira,Few,mfew9n@bbc.co.uk,Female,1939
59924,Bartolemo,Cumming,bcumming9o@slideshare.net,Male,1980
53634,Blair,Brunke,bbrunke9p@cbc.ca,Male,1945
52411,Lalo,Tinwell,ltinwell9q@bandcamp.com,Male,1931
51950,Ricard,Goater,rgoater9r@ucoz.ru,Male,1920
57204,Rolando,Trahearn,rtrahearn9s@forbes.com,Male,1993
58649,Sherri,Heakins,sheakins9t@google.pl,Female,1926
52892,Cordie,Lotterington,clotterington9u@google.co.uk,Male,1930
55009,Tulley,Plues,tplues9v@clickbank.net,Male,1945
52224,Corie,Jewes,cjewes9w@exblog.jp,Female,1942
53076,Kaye,Elder,kelder9x@fema.gov,Female,2005
59352,Massimo,Di Roberto,mdiroberto9y@skype.com,Male,1941
53397,Kimbell,Potebury,kpotebury9z@cocolog-nifty.com,Male,1968
55426,Hailey,Westoll,hwestolla0@washington.edu,Male,1988
50246,Koren,Mechell,kmechella1@tripadvisor.com,Female,2003
55058,Lonna,Dionsetto,ldionsettoa2@engadget.com,Female,1972
55656,Brear,Ferrarone,bferraronea3@pcworld.com,Female,1930
59725,Riki,Criag,rcriaga4@dot.gov,Female,1986
55633,Gladi,Shellibeer,gshellibeera5@blogger.com,Female,1947
54152,Emilio,Beuscher,ebeuschera6@webmd.com,Male,1944
56774,Pam,Kinson,pkinsona7@miitbeian.gov.cn,Female,1939
53036,Miguel,Werner,mwernera8@chicagotribune.com,Male,1950
58070,Chilton,Jindrich,cjindricha9@oaic.gov.au,Male,1935
59022,Friedrich,Cazalet,fcazaletaa@forbes.com,Male,1979
57433,Maude,Grewer,mgrewerab@washington.edu,Female,2001
55873,Antonin,Ferbrache,aferbracheac@pagesperso-orange.fr,Male,1947
53129,Townsend,Hasker,thaskerad@intel.com,Male,1955
50084,Oby,Sizland,osizlandae@kickstarter.com,Male,1963
53225,Janith,Keech,jkeechaf@google.es,Female,1942
55331,Corena,Ennion,cennionag@washingtonpost.com,Female,2009
50802,Terrel,Pikhno,tpikhnoah@diigo.com,Male,1977
53113,Harald,Cubuzzi,hcubuzziai@newyorker.com,Male,1921
53392,Amara,Aylmore,aaylmoreaj@ed.gov,Female,1977
52785,James,Bliben,jblibenak@ihg.com,Male,1979
59331,Samantha,Schuricht,sschurichtal@timesonline.co.uk,Female,1960
51517,Pearline,Duffit,pduffitam@list-manage.com,Female,1968
58947,Calley,O'Leary,colearyan@nsw.gov.au,Female,1941
59515,Jecho,Nerney,jnerneyao@squidoo.com,Male,2001
52595,Carita,Gooddie,cgooddieap@newyorker.com,Female,1954
56459,Mitch,Gritland,mgritlandaq@ezinearticles.com,Male,1981
54260,Mercie,Traylen,mtraylenar@biblegateway.com,Female,1963
59067,Barby,McNelis,bmcnelisas@un.org,Female,1989
58347,Joli,Beal,jbealat@cargocollective.com,Female,1938
57216,Garrek,Bossom,gbossomau@joomla.org,Male,1984
55530,Jere,Scrowson,jscrowsonav@indiatimes.com,Agender,2003
50126,Quillan,Mowday,qmowdayaw@cocolog-nifty.com,Male,2003
54144,Guenevere,Petken,gpetkenax@sogou.com,Female,1975
55313,Michelina,Seabrook,mseabrookay@ox.ac.uk,Female,1972
51202,Gerek,Scarborough,gscarboroughaz@virginia.edu,Male,1944
51061,Blake,Bairstow,bbairstowb0@paypal.com,Female,1960
59985,Caresse,Walles,cwallesb1@businessweek.com,Female,1992
58134,Pattie,Maudling,pmaudlingb2@senate.gov,Non-binary,1998
55719,Nikkie,Maunsell,nmaunsellb3@ezinearticles.com,Female,1985
55803,Madelon,Duly,mdulyb4@usa.gov,Female,1929
50507,Tann,MacBean,tmacbeanb5@tiny.cc,Male,1932
59732,Kinnie,McGilvary,kmcgilvaryb6@wisc.edu,Male,1977
50544,Gearard,Simoncello,gsimoncellob7@statcounter.com,Male,1952
51766,Patton,Jeandot,pjeandotb8@bbc.co.uk,Male,1928
55666,Emilee,Hemerijk,ehemerijkb9@zimbio.com,Female,1997
54073,Blanca,McNiven,bmcnivenba@simplemachines.org,Female,2002
53869,Carree,Pourvoieur,cpourvoieurbb@tinypic.com,Female,2004
54364,Agata,Peetermann,apeetermannbc@state.gov,Female,1968
56512,Rita,Finden,rfindenbd@hud.gov,Female,1982
51906,Clemente,Pllu,cpllube@hp.com,Male,1928
55808,Briggs,Gisby,bgisbybf@apple.com,Male,1987
59494,Astrix,Shalloe,ashalloebg@privacy.gov.au,Genderqueer,1976
58420,Vallie,Clayson,vclaysonbh@amazonaws.com,Female,1984
52889,Trumann,Filipczynski,tfilipczynskibi@bravesites.com,Male,1974
50232,Louise,Kidman,lkidmanbj@g.co,Female,1923
56757,Madonna,McGreay,mmcgreaybk@dot.gov,Bigender,1953
59973,Hyacinthe,Wiggall,hwiggallbl@marriott.com,Female,1974
56004,Michell,Devany,mdevanybm@list-manage.com,Genderqueer,1927
51365,Walden,Grubb,wgrubbbn@illinois.edu,Male,1984
57317,Carlye,Chazelas,cchazelasbo@squarespace.com,Female,1949
57907,Rod,Coucha,rcouchabp@dion.ne.jp,Male,1988
57599,Gannon,Micklem,gmicklembq@mediafire.com,Male,1931
51727,Westbrook,Stower,wstowerbr@vkontakte.ru,Male,1927
58308,Katuscha,McCowan,kmccowanbs@vistaprint.com,Female,1992
51139,Hendrika,Bigland,hbiglandbt@163.com,Female,1990
51160,Baily,Muglestone,bmuglestonebu@desdev.cn,Male,1928
58502,Mannie,MacClancey,mmacclanceybv@123-reg.co.uk,Male,2008
54832,Moore,Gowers,mgowersbw@phpbb.com,Male,1974
52970,Lynnelle,Ciccone,lcicconebx@weibo.com,Female,1997
58084,Kaitlin,Poschel,kposchelby@buzzfeed.com,Female,1964
54026,Elisha,Mapstone,emapstonebz@youku.com,Female,1995
55895,Euphemia,Fleet,efleetc0@fotki.com,Female,1954
53844,Harp,Gosdin,hgosdinc1@mysql.com,Polygender,1935
57564,Anabal,Gutsell,agutsellc2@google.pl,Female,1934
56374,Rustie,Brehault,rbrehaultc3@upenn.edu,Male,1954
52137,Oliviero,Daintrey,odaintreyc4@yahoo.com,Genderqueer,1998
50308,Sophronia,Daville,sdavillec5@google.ca,Female,1946
55100,Justin,Earney,jearneyc6@narod.ru,Male,1998
52296,Leona,Skein,lskeinc7@pagesperso-orange.fr,Female,1923
57113,Nicola,Whelpdale,nwhelpdalec8@sourceforge.net,Female,1988
56688,Jeniffer,Sigfrid,jsigfridc9@squidoo.com,Female,1978
53405,Violante,Challes,vchallesca@senate.gov,Female,1967
57938,Petrina,Hodinton,phodintoncb@msn.com,Female,1923
57874,Peta,Percy,ppercycc@omniture.com,Female,1995
57731,Auria,Hounsome,ahounsomecd@wufoo.com,Female,1930
55175,Winnie,Demkowicz,wdemkowiczce@wufoo.com,Female,1936
53509,Jed,Larmour,jlarmourcf@cam.ac.uk,Male,1924
50976,Packston,Van Brug,pvanbrugcg@bigcartel.com,Male,1928
59092,Sullivan,Wishkar,swishkarch@com.com,Male,1973
53192,Dorita,Graddon,dgraddonci@reverbnation.com,Female,1947
58538,Anallese,Rankcom,arankcomcj@nba.com,Female,1959
58356,Quentin,Bernat,qbernatck@fastcompany.com,Male,1929
58763,Timotheus,Bracchi,tbracchicl@example.com,Male,1974
51384,Karlen,Spurdens,kspurdenscm@alibaba.com,Female,1929
54782,Elli,Messruther,emessruthercn@nba.com,Female,1943
55439,Frazer,McPhilemy,fmcphilemyco@odnoklassniki.ru,Male,1997
57302,Pauly,Ausiello,pausiellocp@infoseek.co.jp,Bigender,1934
50846,Shepherd,Reedshaw,sreedshawcq@friendfeed.com,Male,1936
55030,Beryl,Cannavan,bcannavancr@networkadvertising.org,Female,1926
56889,Kiri,Dmytryk,kdmytrykcs@people.com.cn,Female,2010
53650,Mariejeanne,Steinson,msteinsonct@biglobe.ne.jp,Female,1993
59675,Daisey,Elcomb,delcombcu@soundcloud.com,Female,1925
55651,Maurits,Lamberts,mlambertscv@hao123.com,Male,2008
52509,Walther,Baiss,wbaisscw@statcounter.com,Male,1993
53779,Judie,MacElharge,jmacelhargecx@blogs.com,Female,1984
55999,Ximenez,O'Docherty,xodochertycy@ftc.gov,Male,1977
52438,Manfred,Lakeman,mlakemancz@dailymail.co.uk,Male,2002
50054,Jdavie,Royle,jroyled0@apache.org,Male,1962
57946,Dorelle,Galliver,dgalliverd1@businesswire.com,Female,1921
56761,Aliza,Wignall,awignalld2@hubpages.com,Female,1937
56146,Reade,Elward,relwardd3@com.com,Male,1924
56306,Manon,Van den Broek,mvandenbroekd4@issuu.com,Female,1977
52681,Florida,Bartrum,fbartrumd5@nifty.com,Female,1950
51395,Hercules,Wherry,hwherryd6@nih.gov,Male,1934
54495,Nyssa,D'Aubney,ndaubneyd7@gmpg.org,Female,1950
51626,Janice,Tommeo,jtommeod8@bbc.co.uk,Female,1933
59153,Petrina,Briscam,pbriscamd9@xinhuanet.com,Female,1952
53221,Merci,Llewellen,mllewellenda@wsj.com,Female,1967
50890,Carling,Canacott,ccanacottdb@time.com,Male,1959
59195,Darby,Overstreet,doverstreetdc@blogs.com,Female,1933
55883,Heall,Massard,hmassarddd@aol.com,Male,1927
54262,Clemmie,Hughs,chughsde@so-net.ne.jp,Female,1930
56038,Lazaro,Barczynski,lbarczynskidf@deviantart.com,Male,1961
57329,Malvin,Minerdo,mminerdodg@netlog.com,Male,1993
50633,Stormy,Ludl,sludldh@tuttocitta.it,Female,1961
59248,Fran,Harrowing,fharrowingdi@intel.com,Male,2009
58442,Naomi,Glasser,nglasserdj@nih.gov,Female,1946
57998,Noak,Bohlje,nbohljedk@salon.com,Male,2006
53152,Weylin,Povah,wpovahdl@bbc.co.uk,Male,1969
50816,Debor,Arendsen,darendsendm@mashable.com,Female,1987
53665,Lind,Velasquez,lvelasquezdn@youku.com,Polygender,1971
51735,Barbey,MacGiany,bmacgianydo@prnewswire.com,Female,1981
57403,Marsha,Bewick,mbewickdp@sphinn.com,Female,1964
58403,Fania,Doyle,fdoyledq@example.com,Female,1965
58188,Piper,Samsin,psamsindr@java.com,Female,1939
58162,Benedick,Pitrasso,bpitrassods@yelp.com,Male,1998
53563,Hilary,Iceton,hicetondt@nba.com,Male,1938
57834,Zandra,Midner,zmidnerdu@godaddy.com,Female,1956
56727,Sheppard,McPharlain,smcpharlaindv@shop-pro.jp,Male,1969
56078,Rowe,Pepon,rpepondw@cpanel.net,Female,2006
55661,Osbourn,Look,olookdx@hatena.ne.jp,Male,1982
57839,Dag,Rowling,drowlingdy@mac.com,Male,1968
58876,Wheeler,Burth,wburthdz@amazon.co.uk,Male,1982
59218,Berna,Dongles,bdonglese0@tiny.cc,Female,1959
55281,Shannen,Walczak,swalczake1@nationalgeographic.com,Female,1933
52929,Marcellus,Rorke,mrorkee2@gmpg.org,Agender,1940
55660,Reece,Brissard,rbrissarde3@reddit.com,Male,2000
51061,Wesley,Rainville,wrainvillee4@moonfruit.com,Male,1957
51354,Brnaby,Van Dalen,bvandalene5@chicagotribune.com,Male,2010
54427,Stacey,Rizzotto,srizzottoe6@cocolog-nifty.com,Female,2008
58800,Georgeanna,Ailsbury,gailsburye7@webs.com,Female,2002
51525,Alyosha,Pattington,apattingtone8@skyrock.com,Male,1943
51930,Baxter,Sooper,bsoopere9@un.org,Male,1973
51593,Roxane,Hanscombe,rhanscombeea@zimbio.com,Female,1982
56601,Meghann,Althorp,malthorpeb@bandcamp.com,Female,1952
56902,Melesa,Winslow,mwinslowec@ning.com,Female,1995
57202,Zsazsa,Baudet,zbaudeted@intel.com,Female,1932
50923,Claudell,Waltering,cwalteringee@state.gov,Male,2004
52699,Rockwell,Goosey,rgooseyef@cdc.gov,Male,1922
54563,Rockey,Decourcy,rdecourcyeg@patch.com,Male,1959
54566,Fields,Rooke,frookeeh@webmd.com,Male,1975
55864,Donia,Tugwell,dtugwellei@umich.edu,Female,2009
50858,Nicoli,Liggons,nliggonsej@seesaa.net,Female,1991
57453,Gilemette,Vasser,gvasserek@miibeian.gov.cn,Genderqueer,1975
57625,Etty,Freckelton,efreckeltonel@bloglines.com,Female,1991
53738,Kally,Klimkov,kklimkovem@mashable.com,Female,1948
52607,Ronald,Nisard,rnisarden@nhs.uk,Male,1928
52309,Sue,Kincade,skincadeeo@scientificamerican.com,Female,1986
58868,Alfons,Schimon,aschimonep@bravesites.com,Male,1977
57803,Carma,Walden,cwaldeneq@hhs.gov,Female,1929
55288,Jennica,Frill,jfriller@dell.com,Female,2008
52341,Karissa,Glisane,kglisanees@devhub.com,Female,1979
50032,Annice,Cornfield,acornfieldet@exblog.jp,Female,1934
55007,Stephan,Wake,swakeeu@washingtonpost.com,Male,1930
51884,Raymund,Scawton,rscawtonev@usa.gov,Male,1980
54723,Cherin,Ramet,crametew@odnoklassniki.ru,Female,2008
57126,Kathleen,Raitie,kraitieex@exblog.jp,Female,1950
57191,Laurene,Haslewood,lhaslewoodey@usgs.gov,Female,2006
58410,Reagen,Sambrook,rsambrookez@upenn.edu,Male,1952
53884,Jenda,Yardley,jyardleyf0@tripadvisor.com,Female,1921
54776,Odelinda,Walwood,owalwoodf1@imdb.com,Female,1997
58408,Hussein,Eddoes,heddoesf2@de.vu,Male,1924
56629,Eleanore,Ludgrove,eludgrovef3@e-recht24.de,Female,1959
57189,Lauretta,Nangle,lnanglef4@arizona.edu,Female,1964
54798,Danni,Cripin,dcripinf5@twitter.com,Female,1989
56363,Bradford,Dunridge,bdunridgef6@digg.com,Male,1995
58447,Lissy,Lyokhin,llyokhinf7@macromedia.com,Female,2003
59938,Desmund,Dexter,ddexterf8@cloudflare.com,Male,1925
59677,Rossy,Grigore,rgrigoref9@pcworld.com,Male,1988
59448,Costanza,Lipyeat,clipyeatfa@diigo.com,Female,1952
54381,Case,Gulley,cgulleyfb@house.gov,Male,1944
54143,Bartholomew,Lindgren,blindgrenfc@barnesandnoble.com,Male,1931
54834,Tiebout,Sutliff,tsutlifffd@last.fm,Male,2003
55360,Wright,Ledgard,wledgardfe@fda.gov,Male,1970
59948,Debi,Dackombe,ddackombeff@meetup.com,Female,1991
51694,Dorine,Reddle,dreddlefg@a8.net,Female,1956
53451,Rivalee,Laugharne,rlaugharnefh@cornell.edu,Female,1926
51407,Iris,Ferrarini,iferrarinifi@statcounter.com,Female,1976
55278,Steffen,O'Curneen,socurneenfj@surveymonkey.com,Male,1999
51028,Erminia,Thuillier,ethuillierfk@ftc.gov,Female,2002
51069,Merrill,Stapley,mstapleyfl@msn.com,Male,1927
56810,Ingrid,Brydell,ibrydellfm@desdev.cn,Female,2000
53548,Sarina,Dorey,sdoreyfn@jimdo.com,Female,1952
58260,Sapphira,Evelyn,sevelynfo@intel.com,Female,1953
54871,Tabbie,Houseman,thousemanfp@psu.edu,Female,2004
53678,Lind,Alyoshin,lalyoshinfq@bigcartel.com,Male,1987
53686,Charmane,Beaver,cbeaverfr@sbwire.com,Female,1963
56027,Tomasine,Lugsdin,tlugsdinfs@last.fm,Female,1989
57854,Torry,Vondracek,tvondracekft@lulu.com,Male,1951
59513,Ameline,Bruhn,abruhnfu@ucsd.edu,Female,1928
55428,Sloan,Shall,sshallfv@smh.com.au,Male,1926
57586,Kristal,Antoinet,kantoinetfw@prnewswire.com,Female,1956
50617,Dale,Clawe,dclawefx@trellian.com,Non-binary,2004
59863,Linn,Ash,lashfy@seattletimes.com,Male,1967
51743,Tulley,Sone,tsonefz@amazon.com,Male,1943
57797,Arturo,Alvaro,aalvarog0@tamu.edu,Male,1966
58959,Steffie,Tiffany,stiffanyg1@youtube.com,Female,1957
59151,Fran,Glandon,fglandong2@yellowpages.com,Female,2003
58335,Lorilee,Morphey,lmorpheyg3@jigsy.com,Female,2006
59041,Joyce,McWhannel,jmcwhannelg4@zdnet.com,Genderfluid,1938
59331,Corbett,Cotterill,ccotterillg5@cargocollective.com,Male,1951
55426,Terrye,Rosenboim,trosenboimg6@sun.com,Female,1986
58519,Nichole,Jacmar,njacmarg7@prnewswire.com,Male,1983
56843,Honor,Josephson,hjosephsong8@storify.com,Female,1978
56713,Tedi,Gallihaulk,tgallihaulkg9@tuttocitta.it,Female,1995
55534,Arielle,Batt,abattga@nytimes.com,Female,1953
53167,Mateo,Burth,mburthgb@yellowpages.com,Male,1929
56073,Betsy,Goricke,bgorickegc@taobao.com,Genderfluid,1940
57680,Cordey,Kearns,ckearnsgd@altervista.org,Female,1934
53399,Fredrika,Shireff,fshireffge@imageshack.us,Female,1937
55125,Chauncey,Harvey,charveygf@fema.gov,Male,1990
50867,Frayda,McGown,fmcgowngg@printfriendly.com,Female,1998
56221,Dag,Strathe,dstrathegh@bluehost.com,Male,2008
59572,Tammy,Drew,tdrewgi@whitehouse.gov,Non-binary,1927
55552,Roseline,Ealden,realdengj@4shared.com,Female,1996
59597,Tudor,Cater,tcatergk@abc.net.au,Male,1972
55729,Mandel,Aleksahkin,maleksahkingl@npr.org,Male,1982
50007,Marius,McCreadie,mmccreadiegm@hexun.com,Male,1961
55650,Emile,Harlett,eharlettgn@cnbc.com,Male,1975
56186,Joell,Cowoppe,jcowoppego@apache.org,Genderqueer,1996
53071,Vinnie,Himsworth,vhimsworthgp@chicagotribune.com,Female,1927
50999,Mellisa,Bentall,mbentallgq@pinterest.com,Female,1994
59094,Arlin,MacEllen,amacellengr@engadget.com,Non-binary,1926
56267,Sharai,Hoggan,shoggangs@about.com,Female,1993
56193,Lionel,Seawell,lseawellgt@digg.com,Genderfluid,1960
52975,Link,Burriss,lburrissgu@globo.com,Male,2003
55188,Marketa,Warkup,mwarkupgv@naver.com,Female,1928
58140,Hermina,Birts,hbirtsgw@bloglovin.com,Female,1991
53710,Hobard,Dench,hdenchgx@cnbc.com,Male,1930
50196,Wilie,Stanway,wstanwaygy@histats.com,Female,1956
53840,Alexio,Brandoni,abrandonigz@ocn.ne.jp,Male,2007
58266,Nelia,Spinke,nspinkeh0@sciencedaily.com,Female,1944
51177,Elianore,Durdle,edurdleh1@moonfruit.com,Female,1983
52721,Libbey,Peirce,lpeirceh2@vkontakte.ru,Female,1955
52850,Elena,Mallard,emallardh3@twitter.com,Female,1949
52640,Conrad,Helliwell,chelliwellh4@nasa.gov,Male,1941
56442,Karena,Harefoot,kharefooth5@livejournal.com,Female,2002
50759,Fulton,Schwaiger,fschwaigerh6@economist.com,Male,1945
53868,Carin,Biagioni,cbiagionih7@sciencedaily.com,Female,1953
53228,Trudy,Pomfret,tpomfreth8@soup.io,Female,1968
50869,Persis,Seleway,pselewayh9@geocities.jp,Female,1981
52199,Riordan,Jemison,rjemisonha@jimdo.com,Polygender,2005
53828,Marillin,Croft,mcrofthb@about.me,Female,1993
51309,Olvan,Milhench,omilhenchhc@qq.com,Male,1985
59747,Correy,Farish,cfarishhd@kickstarter.com,Female,1933
59459,Tynan,O'Sheils,tosheilshe@yellowbook.com,Male,2003
56317,Alejandra,Ville,avillehf@fotki.com,Female,1929
50929,Humfrid,Kersaw,hkersawhg@wsj.com,Male,1944
58050,Moshe,Gliddon,mgliddonhh@storify.com,Male,1992
53065,Shalom,Mochar,smocharhi@google.co.jp,Male,2003
54615,Lyn,Costard,lcostardhj@ftc.gov,Male,1921
50142,Jayme,Blasli,jblaslihk@tripadvisor.com,Male,1932
56683,Marian,Wrout,mwrouthl@bravesites.com,Female,1986
56074,Fan,Escalante,fescalantehm@vinaora.com,Female,1999
55601,Sharline,Norcliffe,snorcliffehn@ocn.ne.jp,Female,1941
58175,Charmain,Bumfrey,cbumfreyho@kickstarter.com,Genderfluid,1960
52269,Alberto,McClarence,amcclarencehp@phoca.cz,Genderfluid,1972
50647,Benedetta,Argue,barguehq@phoca.cz,Female,1930
57717,Cobb,Amar,camarhr@tiny.cc,Male,1975
52368,Jerald,Alleway,jallewayhs@businessinsider.com,Polygender,1945
58634,Torre,Leckie,tleckieht@kickstarter.com,Male,1950
55964,Zsa zsa,Sleicht,zsleichthu@delicious.com,Genderfluid,1996
58768,Elenore,Calow,ecalowhv@dmoz.org,Female,1949
50602,Lurlene,Tuvey,ltuveyhw@canalblog.com,Female,1925
53135,Orelia,Sisland,osislandhx@biglobe.ne.jp,Bigender,1974
54406,Dennison,Hutchason,dhutchasonhy@cornell.edu,Male,1960
58088,Amandy,Chelam,achelamhz@hugedomains.com,Female,2000
54138,Andeee,Cess,acessi0@biblegateway.com,Female,1999
58091,Evie,Fearfull,efearfulli1@google.com.hk,Female,1958
54613,Natalee,Batters,nbattersi2@mapquest.com,Female,1974
50721,Katha,Eslie,kesliei3@joomla.org,Female,1972
55749,Deonne,Pirt,dpirti4@shareasale.com,Female,2006
52024,Beaufort,Tincknell,btincknelli5@google.com.br,Male,1922
50064,Cassi,Devericks,cdevericksi6@freewebs.com,Female,1960
55748,Alma,Holdin,aholdini7@printfriendly.com,Female,1945
54816,Burch,Lennie,blenniei8@tiny.cc,Male,1932
53907,Devondra,Plak,dplaki9@desdev.cn,Genderqueer,1955
53348,Hedi,Wolstencroft,hwolstencroftia@weather.com,Female,1929
59421,Chloe,Rozec,crozecib@booking.com,Female,1975
59166,Rae,Crews,rcrewsic@trellian.com,Female,1992
51810,Noel,Sheals,nshealsid@hugedomains.com,Male,1969
51643,Ginnie,Mount,gmountie@ihg.com,Female,2005
51130,Nonna,August,naugustif@zdnet.com,Female,1956
54071,Faythe,Wynter,fwynterig@irs.gov,Female,1930
54957,Joane,Inns,jinnsih@sbwire.com,Female,1922
51892,Avie,Henstone,ahenstoneii@disqus.com,Female,1960
55910,Julio,Guyton,jguytonij@mapquest.com,Male,1971
57012,Rennie,Northleigh,rnorthleighik@abc.net.au,Female,1966
57672,Tanny,Botton,tbottonil@baidu.com,Male,1969
55380,Natal,Joscelin,njoscelinim@bloglovin.com,Male,1997
52113,Matthieu,Atwood,matwoodin@cbslocal.com,Male,2004
57172,Mellisa,Killby,mkillbyio@icq.com,Female,2010
58926,Floris,Gerriets,fgerrietsip@google.cn,Female,1960
57065,Hayyim,Whisson,hwhissoniq@google.cn,Male,1953
53937,Tiffany,Matisse,tmatisseir@virginia.edu,Female,1939
59622,Hartwell,Crutchfield,hcrutchfieldis@moonfruit.com,Male,1991
58584,Ebenezer,Sterley,esterleyit@github.com,Male,1954
53043,Luciano,Shute,lshuteiu@house.gov,Male,1949
50892,Lisabeth,Meijer,lmeijeriv@google.co.jp,Female,1961
53864,Blithe,Ofener,bofeneriw@51.la,Female,1921
58195,Joshia,Polglaze,jpolglazeix@xing.com,Male,1977
52761,Baird,Lackham,blackhamiy@blogs.com,Male,2000
56278,Clarke,Silby,csilbyiz@wordpress.org,Male,1997
52611,Neely,Scneider,nscneiderj0@cbslocal.com,Female,1934
59048,Britt,Blamire,bblamirej1@bbb.org,Male,1954
51878,Anthe,Lewry,alewryj2@elegantthemes.com,Female,1928
56314,Farr,Abrey,fabreyj3@google.de,Male,2005
59631,Jermain,Clint,jclintj4@flickr.com,Male,1968
50851,Arthur,Luckin,aluckinj5@pinterest.com,Male,1936
58848,Lane,James,ljamesj6@upenn.edu,Female,1954
59537,Urbanus,Beretta,uberettaj7@boston.com,Male,1935
57017,Artie,Sphinxe,asphinxej8@taobao.com,Male,1971
51235,Teddy,Gatiss,tgatissj9@jimdo.com,Female,1920
54090,Frederico,Blinckhorne,fblinckhorneja@com.com,Male,1961
51960,Natale,Deniseau,ndeniseaujb@dell.com,Genderfluid,1933
53342,Teddi,Jeanon,tjeanonjc@statcounter.com,Genderfluid,1967
53142,Graham,Godly,ggodlyjd@google.it,Genderqueer,1934
51753,Adrian,Alred,aalredje@hugedomains.com,Male,2005
59496,Honor,Kenyon,hkenyonjf@marriott.com,Female,1933
59749,Chris,Softley,csoftleyjg@netscape.com,Female,1958
54659,Torr,Oylett,toylettjh@marriott.com,Male,1923
57438,Edouard,Rantoull,erantoullji@npr.org,Male,2010
50337,Georgeanne,Pessler,gpesslerjj@example.com,Female,2008
55565,Audrie,Farbrace,afarbracejk@histats.com,Female,1976
57213,Leah,Halahan,lhalahanjl@skyrock.com,Female,1979
59485,Herculie,Assandri,hassandrijm@oakley.com,Male,1920
58809,Loree,Vuittet,lvuittetjn@wikipedia.org,Female,1943
52271,Arin,Rastrick,arastrickjo@businesswire.com,Male,1933
53925,Jacinthe,Ducrow,jducrowjp@barnesandnoble.com,Female,1963
53698,Vasilis,Bellino,vbellinojq@ameblo.jp,Male,1969
56552,Allie,Feedham,afeedhamjr@163.com,Polygender,1920
57401,Augy,MacCorley,amaccorleyjs@deliciousdays.com,Male,2008
59524,Lemuel,Shadfourth,lshadfourthjt@ameblo.jp,Male,1959
50165,Mallorie,McKomb,mmckombju@state.tx.us,Female,1951
57309,Hendrika,Misken,hmiskenjv@instagram.com,Female,1971
54851,Andrus,Szymanek,aszymanekjw@issuu.com,Male,1947
53689,Stanton,Savoury,ssavouryjx@tripod.com,Male,2004
59861,Mattie,Gynne,mgynnejy@tinyurl.com,Female,1985
55045,Fionna,Domenichelli,fdomenichellijz@quantcast.com,Female,1994
57959,Wilma,Shergold,wshergoldk0@facebook.com,Female,1983
59663,Fifi,Toombes,ftoombesk1@google.nl,Female,1938
59866,Karin,Ridgers,kridgersk2@amazonaws.com,Female,1925
52958,Etta,Yard,eyardk3@ebay.com,Female,1987
55495,Paul,Jebb,pjebbk4@go.com,Male,1943
55617,Albie,Wolvey,awolveyk5@mail.ru,Male,2002
55368,Alyosha,Gladeche,agladechek6@flavors.me,Male,1978
53328,Wesley,Cocher,wcocherk7@tumblr.com,Male,1962
58919,Georas,Dominey,gdomineyk8@simplemachines.org,Male,1978
50925,Felike,Collick,fcollickk9@soup.io,Male,1927
58443,Kathy,Proffer,kprofferka@mediafire.com,Female,1964
50269,Curry,Mahaffey,cmahaffeykb@google.it,Male,1979
59108,Gaspar,Baldung,gbaldungkc@networksolutions.com,Male,1930
56350,Errol,Stove,estovekd@live.com,Male,2000
58581,Darius,Panter,dpanterke@alibaba.com,Male,1993
52743,Hunter,Creamer,hcreamerkf@patch.com,Male,1997
53197,Tonie,Kippin,tkippinkg@mail.ru,Female,1989
56517,Belvia,De Vaar,bdevaarkh@exblog.jp,Female,1955
54199,Robinet,Ouldcott,rouldcottki@google.ca,Male,2005
50942,Elsi,Martinelli,emartinellikj@dailymail.co.uk,Female,1985
53008,Hiram,Demaine,hdemainekk@constantcontact.com,Male,1933
58709,Carlo,Benzing,cbenzingkl@infoseek.co.jp,Male,2009
50294,Rivalee,De Winton,rdewintonkm@wikimedia.org,Female,1921
57178,Wanids,Davidovic,wdavidovickn@discuz.net,Female,1956
57467,Cynthea,Mullaly,cmullalyko@cdc.gov,Female,1966
59906,Donica,Cahalan,dcahalankp@creativecommons.org,Female,1998
56028,Sheff,Furmedge,sfurmedgekq@accuweather.com,Male,2000
56068,Hank,Coffee,hcoffeekr@indiegogo.com,Male,1954
56634,Ulysses,Terlinden,uterlindenks@statcounter.com,Male,1920
52079,Torin,Hatliffe,thatliffekt@alibaba.com,Male,1942
56281,Patin,Stratten,pstrattenku@paginegialle.it,Male,1993
54424,Helene,Artus,hartuskv@4shared.com,Female,1960
58449,Cris,Hewkin,chewkinkw@example.com,Female,1934
54221,Marlo,Laxtonne,mlaxtonnekx@time.com,Genderfluid,1996
55583,Gram,Broadhurst,gbroadhurstky@ebay.co.uk,Male,1946
57193,Johnathon,Boulding,jbouldingkz@chicagotribune.com,Male,1994
59852,Osborne,Macrow,omacrowl0@thetimes.co.uk,Male,1977
55847,Marje,Guillem,mguilleml1@pcworld.com,Female,2006
50071,Baird,Mabon,bmabonl2@mac.com,Male,1932
53829,Madison,Pady,mpadyl3@virginia.edu,Male,1942
55073,Zolly,Trodd,ztroddl4@xrea.com,Male,1946
58491,Helene,Lawman,hlawmanl5@upenn.edu,Female,1985
55850,Dael,Peploe,dpeploel6@360.cn,Female,1998
57826,Bat,Hesse,bhessel7@pen.io,Agender,1979
53569,Avril,Sifleet,asifleetl8@pinterest.com,Female,1974
50094,Timothee,Allcock,tallcockl9@webnode.com,Male,1926
54228,Fairfax,Prosch,fproschla@samsung.com,Male,1920
57208,Aggi,Messitt,amessittlb@sbwire.com,Female,1922
57989,Shoshanna,Borkin,sborkinlc@scientificamerican.com,Female,1971
53470,Hardy,Goodright,hgoodrightld@goo.gl,Male,1991
55721,Tiebold,McTavy,tmctavyle@google.com.au,Male,2007
56824,Dorene,Merigon,dmerigonlf@list-manage.com,Female,1959
58579,Doralynne,Gandley,dgandleylg@sun.com,Polygender,1948
54537,Truman,Standidge,tstandidgelh@devhub.com,Male,2003
56661,Dom,Yorath,dyorathli@tmall.com,Male,1970
55271,Milty,Hill,mhilllj@storify.com,Male,2002
59377,Ki,Myhan,kmyhanlk@sohu.com,Female,2003
56255,Julee,Samways,jsamwaysll@jugem.jp,Female,2007
53684,Karyl,Glenister,kglenisterlm@g.co,Agender,1974
57970,Ruthanne,Lewsy,rlewsyln@theglobeandmail.com,Polygender,1965
50453,Allard,Danilchenko,adanilchenkolo@globo.com,Male,1952
54275,Klarika,Dilston,kdilstonlp@hugedomains.com,Non-binary,2009
50001,Salvador,Dibble,sdibblelq@independent.co.uk,Male,1999
56237,Lisabeth,Biesterfeld,lbiesterfeldlr@jiathis.com,Genderqueer,1959
54234,Tina,Whilde,twhildels@kickstarter.com,Female,1946
54252,Kaile,Kedwell,kkedwelllt@google.es,Female,1931
58386,Morry,Benton,mbentonlu@friendfeed.com,Male,1929
51914,Lek,Bole,lbolelv@booking.com,Male,1996
58635,Randi,Wasielewicz,rwasielewiczlw@oakley.com,Male,1929
58257,Scarlett,Frewer,sfrewerlx@people.com.cn,Female,1922
55424,Joe,Feathersby,jfeathersbyly@nih.gov,Male,1945
51565,Pierre,Newberry,pnewberrylz@paypal.com,Male,2001
50946,Allen,Mahady,amahadym0@reference.com,Male,1931
56691,Ailyn,Blaxill,ablaxillm1@earthlink.net,Female,1973
51915,Robert,Ondrasek,rondrasekm2@sina.com.cn,Male,1991
58164,Helli,Andresen,handresenm3@cbslocal.com,Female,1992
58599,Stanislaus,Mayoral,smayoralm4@squarespace.com,Male,1992
50426,Chryste,Sherborne,csherbornem5@rakuten.co.jp,Non-binary,1934
56133,Upton,Engelmann,uengelmannm6@seesaa.net,Male,1945
51158,Mortimer,Chastel,mchastelm7@histats.com,Male,2010
57004,Roscoe,Rogliero,rroglierom8@comcast.net,Male,1982
58167,Helaine,O'Scully,hoscullym9@cocolog-nifty.com,Female,1972
59550,Mord,Godney,mgodneyma@dagondesign.com,Polygender,1970
54563,Orazio,Clewley,oclewleymb@amazon.co.uk,Male,2001
58456,Janot,Jepps,jjeppsmc@harvard.edu,Female,1939
58475,Kara-lynn,Pirot,kpirotmd@usatoday.com,Female,1969
57601,Marje,Padkin,mpadkinme@bbc.co.uk,Female,1971
52934,Gabriellia,Iacovozzo,giacovozzomf@uiuc.edu,Female,1998
55137,Marisa,Dampier,mdampiermg@xrea.com,Female,1973
54553,Fernanda,Ivanisov,fivanisovmh@yandex.ru,Female,1997
58332,Courtenay,Boyet,cboyetmi@cnbc.com,Female,2010
56553,Jessamyn,Danby,jdanbymj@spiegel.de,Female,1977
57343,Conan,Sarl,csarlmk@usgs.gov,Male,1954
55265,Emilio,Romaint,eromaintml@pcworld.com,Male,1973
56193,Angelita,Arden,aardenmm@acquirethisname.com,Female,1972
58641,Bernadine,Beswell,bbeswellmn@apache.org,Female,1946
52322,Abbi,Assiratti,aassirattimo@eventbrite.com,Female,1954
56650,Carmina,Hexam,chexammp@spotify.com,Female,1938
59255,Aland,Maylard,amaylardmq@dot.gov,Male,1921
53364,Hortense,Dornin,hdorninmr@infoseek.co.jp,Female,1942
59032,Otto,Langwade,olangwadems@mashable.com,Male,1988
50569,Charlie,Mantrup,cmantrupmt@thetimes.co.uk,Male,1962
55372,Garv,Bickford,gbickfordmu@google.de,Male,1941
58936,Trstram,Roome,troomemv@cnet.com,Male,1923
50032,Delinda,Willmot,dwillmotmw@twitpic.com,Female,1931
52812,Bil,Bolduc,bbolducmx@cisco.com,Male,1920
59625,Joseph,Meins,jmeinsmy@ycombinator.com,Male,1964
55317,Burnaby,Jeffcoat,bjeffcoatmz@ovh.net,Male,1991
54178,Tiebout,Perigoe,tperigoen0@freewebs.com,Male,1943
55168,Murdock,Stollenberg,mstollenbergn1@newyorker.com,Male,1943
59146,Diego,Cleyne,dcleynen2@wired.com,Male,1946
58127,Kai,Rugg,kruggn3@businessweek.com,Female,1920
55388,Marchelle,Sibbering,msibberingn4@howstuffworks.com,Female,2002
57233,Ivor,Sleeford,isleefordn5@tripod.com,Male,1944
54047,Courtnay,Ipsley,cipsleyn6@prweb.com,Female,1999
54812,Horten,Shilling,hshillingn7@ovh.net,Male,1939
52457,Gretchen,Marusic,gmarusicn8@soup.io,Female,1962
54342,Der,Tybalt,dtybaltn9@bluehost.com,Male,1931
57172,Ralph,Soall,rsoallna@dropbox.com,Male,1956
54944,Kevin,Doran,kdorannb@biblegateway.com,Male,1953
57204,Sharyl,Heinsen,sheinsennc@diigo.com,Female,1951
53140,Tedda,Galliver,tgallivernd@telegraph.co.uk,Female,1950
57700,Tamas,Twinborne,ttwinbornene@ovh.net,Male,1945
52607,Cleavland,Junkinson,cjunkinsonnf@g.co,Genderqueer,1965
54318,Arden,Cheesley,acheesleyng@a8.net,Female,1927
58472,Leeland,Boss,lbossnh@blog.com,Male,1947
59471,Ashely,Giddons,agiddonsni@tripod.com,Agender,1935
56424,Libbey,Tabourier,ltabouriernj@chronoengine.com,Female,1973
50817,Rafaela,Charlotte,rcharlottenk@cbsnews.com,Female,1932
52512,Rikki,Clemmens,rclemmensnl@cnbc.com,Male,1979
53147,Meredithe,Sawkins,msawkinsnm@webs.com,Female,1931
54678,Felicdad,Gebbe,fgebbenn@bbb.org,Female,2008
50381,Olvan,Biggerstaff,obiggerstaffno@exblog.jp,Male,1980
57011,Myrna,Arnaez,marnaeznp@amazonaws.com,Female,1935
56590,Carmelita,Ulyet,culyetnq@gizmodo.com,Female,1940
51639,Fidelity,Whiley,fwhileynr@epa.gov,Female,1948
52010,Crissie,Nazair,cnazairns@people.com.cn,Female,1979
58663,Caryn,Jeaffreson,cjeaffresonnt@japanpost.jp,Female,1942
50559,Joella,Abramow,jabramownu@marriott.com,Female,1945
58139,Thea,Speck,tspecknv@goodreads.com,Female,1978
59059,Dev,Craufurd,dcraufurdnw@yellowbook.com,Male,1935
51654,Mariel,Filinkov,mfilinkovnx@archive.org,Female,1921
58633,Rosita,Feige,rfeigeny@themeforest.net,Non-binary,1951
54332,Thurston,Adair,tadairnz@hud.gov,Male,1985
53607,Olenka,Pottiphar,opottipharo0@bravesites.com,Female,1949
51434,Wallis,Timmins,wtimminso1@ocn.ne.jp,Male,1990
57825,Ambur,Gendrich,agendricho2@drupal.org,Female,1926
55591,Dorris,Shelp,dshelpo3@nifty.com,Female,1950
56730,Murdoch,Searby,msearbyo4@home.pl,Male,1935
53003,Waylon,Sherrard,wsherrardo5@ebay.com,Male,1929
58405,Zora,Fowls,zfowlso6@edublogs.org,Female,1976
53030,Justinn,Roskrug,jroskrugo7@cloudflare.com,Female,1920
55226,Leoline,le Keux,llekeuxo8@independent.co.uk,Female,1963
54506,Elijah,Featherstonhaugh,efeatherstonhaugho9@scribd.com,Male,1987
50192,Donelle,MacPake,dmacpakeoa@illinois.edu,Female,1989
58039,Rollo,Stalley,rstalleyob@ycombinator.com,Genderfluid,2001
50459,Tate,Canet,tcanetoc@stumbleupon.com,Female,1988
55997,Heriberto,Nickless,hnicklessod@wired.com,Male,1994
57555,Liane,Stammler,lstammleroe@spotify.com,Non-binary,1983
55219,Bevan,Romaines,bromainesof@cnbc.com,Male,1924
58212,Joellen,Biddulph,jbiddulphog@exblog.jp,Female,1947
58320,Barb,Ianniello,bianniellooh@blogs.com,Genderfluid,1926
55978,Lyndel,Liver,lliveroi@domainmarket.com,Non-binary,1924
53187,Borden,Bootherstone,bbootherstoneoj@chicagotribune.com,Male,1920
51649,Brannon,Hendrix,bhendrixok@cornell.edu,Bigender,1994
53036,Edmon,Sheryne,esheryneol@surveymonkey.com,Male,1947
52887,Reamonn,Bratcher,rbratcherom@illinois.edu,Male,1956
57035,Farlie,Saben,fsabenon@blog.com,Male,2003
59824,Rutherford,Robard,rrobardoo@dell.com,Male,1948
58907,Reina,Steeples,rsteeplesop@sogou.com,Female,1935
52203,Neile,Lautie,nlautieoq@vinaora.com,Female,2010
51033,Amil,Pounds,apoundsor@uiuc.edu,Female,1920
58388,Beverly,Lillico,blillicoos@youtu.be,Female,1925
59348,Buckie,Alesbrook,balesbrookot@rakuten.co.jp,Male,1948
54743,Rand,Yakunikov,ryakunikovou@smh.com.au,Male,1975
54318,Troy,Guerrier,tguerrierov@merriam-webster.com,Male,1927
51633,Camilla,Meeson,cmeesonow@slate.com,Female,2004
58705,Janna,Johl,jjohlox@github.io,Female,1944
52676,Zita,Botler,zbotleroy@prnewswire.com,Female,1935
54364,Isabel,Pitkins,ipitkinsoz@jugem.jp,Female,1948
52398,Jefferey,cornhill,jcornhillp0@weather.com,Male,1933
58289,Marco,Wildsmith,mwildsmithp1@mysql.com,Male,1974
54641,Adora,Holworth,aholworthp2@washington.edu,Female,1961
53014,Alvin,Fidge,afidgep3@shop-pro.jp,Male,1992
51900,Wakefield,Smalley,wsmalleyp4@moonfruit.com,Male,1977
58168,Cyrillus,Clunie,ccluniep5@twitter.com,Male,1968
58815,Michelle,Eales,mealesp6@amazon.co.uk,Female,1968
51858,Anica,MacAne,amacanep7@zimbio.com,Female,1989
57905,Fair,Blythe,fblythep8@ustream.tv,Bigender,1960
51049,Shea,Brackstone,sbrackstonep9@ox.ac.uk,Male,1969
52504,Gusella,Pankethman,gpankethmanpa@goodreads.com,Female,1951
50221,Alexander,Fanthom,afanthompb@mit.edu,Non-binary,1931
59308,Devan,Rockall,drockallpc@cargocollective.com,Female,1933
58197,Huntlee,McLeish,hmcleishpd@4shared.com,Male,1936
54918,Jackelyn,Carayol,jcarayolpe@opensource.org,Female,2010
51923,Shaine,Gaskall,sgaskallpf@springer.com,Male,1983
58561,Rona,Dashwood,rdashwoodpg@shop-pro.jp,Female,1927
51795,Alden,Hurndall,ahurndallph@woothemes.com,Male,1967
56504,Odey,Duckhouse,oduckhousepi@mit.edu,Genderqueer,1976
53253,Mahalia,Friend,mfriendpj@163.com,Female,1974
50862,Gunther,Ivell,givellpk@youtube.com,Male,1954
50212,Luigi,Grinstead,lgrinsteadpl@linkedin.com,Male,1940
54949,Yardley,Guilloud,yguilloudpm@geocities.jp,Male,1923
57905,Marco,Woodyatt,mwoodyattpn@ox.ac.uk,Male,1940
52649,Duncan,Geoghegan,dgeogheganpo@go.com,Genderfluid,1983
56776,Glendon,Eseler,geselerpp@plala.or.jp,Male,1945
57156,Ritchie,Husband,rhusbandpq@digg.com,Male,2004
54298,Trisha,Emanueli,temanuelipr@prnewswire.com,Genderfluid,1947
57176,El,Mac Giany,emacgianyps@photobucket.com,Male,1961
50567,Alis,Scrowson,ascrowsonpt@census.gov,Female,1984
59278,Kyle,Berthouloume,kberthouloumepu@i2i.jp,Male,1958
56089,Moe,Feldbau,mfeldbaupv@biglobe.ne.jp,Male,1925
53450,Lawton,Scaice,lscaicepw@usgs.gov,Male,1937
59351,Kerr,Hoy,khoypx@yelp.com,Male,1923
53107,Renelle,Colby,rcolbypy@odnoklassniki.ru,Female,1981
52133,Bertram,McDill,bmcdillpz@dropbox.com,Male,2010
51527,Ivan,Butterfield,ibutterfieldq0@unicef.org,Male,1946
59194,Wiatt,Ellwell,wellwellq1@fotki.com,Male,1934
53853,Larine,Sheldon,lsheldonq2@pbs.org,Female,1922
53926,Izak,Fortescue,ifortescueq3@businesswire.com,Male,1976
58107,Zena,Reuther,zreutherq4@technorati.com,Female,1998
53274,Fidole,Southway,fsouthwayq5@sakura.ne.jp,Male,1924
50522,Paola,Burgett,pburgettq6@netscape.com,Female,2007
54971,Robinette,Santoro,rsantoroq7@cafepress.com,Female,1953
54174,Pavla,Bartosinski,pbartosinskiq8@gravatar.com,Genderqueer,2002
52026,Reinaldos,Shearn,rshearnq9@wikispaces.com,Male,1985
57845,Lionello,Masedon,lmasedonqa@cbslocal.com,Male,1994
57411,Bertrand,Parrish,bparrishqb@addtoany.com,Male,1946
54156,Lucinda,Fley,lfleyqc@addtoany.com,Female,1981
53163,Alanna,Korlat,akorlatqd@myspace.com,Female,1943
56173,Onida,Bibey,obibeyqe@google.co.jp,Female,1920
57438,Sandro,Sneezum,ssneezumqf@studiopress.com,Male,1940
58264,Zachariah,Vonasek,zvonasekqg@earthlink.net,Male,2000
54665,Clayborne,Phelipeaux,cphelipeauxqh@netlog.com,Male,1989
50889,Quinlan,Sykora,qsykoraqi@google.co.uk,Male,1950
56082,Christy,Ragdale,cragdaleqj@paginegialle.it,Female,1985
54343,Fayth,Colbrun,fcolbrunqk@ted.com,Female,1984
52064,Lonnie,Bridle,lbridleql@ifeng.com,Female,1951
50274,Dalenna,Adamsen,dadamsenqm@rediff.com,Polygender,2008
59430,Ambros,Emslie,aemslieqn@pcworld.com,Male,1980
59893,Cristian,Dugall,cdugallqo@google.cn,Male,1988
58357,Nicolis,Sherrington,nsherringtonqp@unc.edu,Male,1979
53110,Babita,Jirik,bjirikqq@unblog.fr,Female,1939
51713,Giacomo,Aire,gaireqr@twitter.com,Male,1957
53824,Goldia,Ohrt,gohrtqs@xrea.com,Female,1983
50603,Enrique,Silverthorn,esilverthornqt@scientificamerican.com,Male,1927
53375,Franchot,Loding,flodingqu@indiatimes.com,Male,2001
57631,Lidia,McIlwrath,lmcilwrathqv@devhub.com,Female,1978
59189,Zsa zsa,McMaster,zmcmasterqw@oracle.com,Female,1972
59679,Sofie,Witson,switsonqx@meetup.com,Genderfluid,1985
52987,Bordie,Brevetor,bbrevetorqy@eventbrite.com,Male,1962
56100,Scarlett,Bresnen,sbresnenqz@java.com,Female,2007
50279,Antony,Panniers,apanniersr0@issuu.com,Male,2007
58992,Irwin,Buttler,ibuttlerr1@deliciousdays.com,Male,1921
51596,Jacquelin,Heed,jheedr2@dyndns.org,Female,2010
50910,Web,Hawler,whawlerr3@toplist.cz,Male,1985
52580,Sadye,Brunsdon,sbrunsdonr4@usatoday.com,Bigender,2007
53422,Tod,Brabbs,tbrabbsr5@google.com.au,Male,1997
53706,Randa,Coller,rcollerr6@bloomberg.com,Female,1933
56024,Cassandre,Tuerena,ctuerenar7@tmall.com,Bigender,1979
58412,Hedvige,Chedzoy,hchedzoyr8@printfriendly.com,Female,1993
53223,Valentijn,Ottiwill,vottiwillr9@seattletimes.com,Male,1967
58391,Christopher,Ovise,covisera@blogspot.com,Male,1974
57703,Hersh,Robus,hrobusrb@examiner.com,Male,1943
51748,Garrick,Scotney,gscotneyrc@ed.gov,Polygender,2004
53218,Diarmid,Carbert,dcarbertrd@theglobeandmail.com,Male,1952
58246,Bron,Goulborne,bgoulbornere@mtv.com,Male,1993
50819,Ricardo,Guerrazzi,rguerrazzirf@foxnews.com,Male,1956
54710,Burch,Batchelar,bbatchelarrg@about.me,Male,1954
59748,Clayton,Fooks,cfooksrh@cargocollective.com,Male,1967
56783,Courtnay,Borsay,cborsayri@list-manage.com,Female,1967
57526,Cesaro,Miebes,cmiebesrj@hexun.com,Male,1941
55941,Tadio,Pfeifer,tpfeiferrk@techcrunch.com,Male,1926
53746,Domenico,Maybey,dmaybeyrl@tinypic.com,Non-binary,1973
50006,Dallas,Wassung,dwassungrm@wp.com,Male,1920
50891,Brendon,Chessil,bchessilrn@ox.ac.uk,Genderqueer,1988
50287,Angelia,Goodie,agoodiero@theguardian.com,Female,1981
50855,Rudolph,Allner,rallnerrp@unesco.org,Male,1933
59176,Marianne,Depport,mdepportrq@weebly.com,Female,1985
59098,Ingrim,Danzelman,idanzelmanrr@shop-pro.jp,Male,1969
