library_card_id,first_name,last_name,email,gender,birth_year
10522,Georgianne,Ciani,gciani0@ucoz.com,Female,1976
17127,Harrie,Jedrzejewski,hjedrzejewski1@oracle.com,Female,1939
14148,Robina,Voelker,rvoelker2@upenn.edu,Female,1990
10299,Artemas,Curd,acurd3@constantcontact.com,Male,1920
12119,Belia,Banbridge,bbanbridge4@privacy.gov.au,Female,1998
17860,Clara,Umbers,cumbers5@narod.ru,Female,2004
12287,Rachel,Grayshan,rgrayshan6@ning.com,Female,1971
10976,Ardith,Evenett,aevenett7@mozilla.com,Female,1949
11902,Corny,Meadway,cmeadway8@oaic.gov.au,Male,2010
13906,Nannie,Atkins,natkins9@indiegogo.com,Female,1928
14312,Isaak,Somerlie,isomerliea@europa.eu,Male,2000
13581,Klara,Abramof,kabramofb@google.nl,Female,2003
10555,Moshe,Bau,mbauc@odnoklassniki.ru,Male,1969
15496,Esra,Cribbott,ecribbottd@smugmug.com,Male,1970
15225,Phillip,Dockwra,pdockwrae@smh.com.au,Male,1951
10460,Callean,Meininking,cmeininkingf@comcast.net,Male,1956
17983,Aurthur,Morde,amordeg@ask.com,Male,1968
15359,Joseph,Salzberg,jsalzbergh@macromedia.com,Male,1943
10840,Iago,Simoncelli,isimoncellii@facebook.com,Male,2004
17582,Roldan,Cotta,rcottaj@posterous.com,Male,1963
12159,Quent,Domenici,qdomenicik@trellian.com,Male,1991
19142,Jan,Corah,jcorahl@wunderground.com,Female,1958
19150,Horacio,Playdon,hplaydonm@washingtonpost.com,Male,1975
11165,Jobina,Offer,joffern@noaa.gov,Female,2002
14806,Orville,Harsnipe,oharsnipeo@networksolutions.com,Male,1984
17504,Wake,Bunner,wbunnerp@newsvine.com,Male,1948
18642,Candace,Bown,cbownq@apache.org,Female,1921
16922,Angy,Stroyan,astroyanr@army.mil,Female,2002
14549,Casey,De Vaux,cdevauxs@jimdo.com,Male,2000
11458,Noelyn,Hickeringill,nhickeringillt@hhs.gov,Female,1998
16730,Matilda,Jadczak,mjadczaku@weibo.com,Female,1972
18696,Holmes,Boundey,hboundeyv@cmu.edu,Male,1942
14760,Garv,Wilkins,gwilkinsw@oakley.com,Male,1956
10209,Pip,Pickthorn,ppickthornx@nsw.gov.au,Male,1980
14644,Dela,Rochelle,drochelley@csmonitor.com,Female,1990
14014,Felicio,Shergold,fshergoldz@rediff.com,Male,1928
18345,Maribeth,Bulmer,mbulmer10@macromedia.com,Female,1923
10023,Christoph,Graffham,cgraffham11@yellowpages.com,Male,1990
14895,Uri,Umney,uumney12@twitpic.com,Male,2000
14094,Rex,Goakes,rgoakes13@baidu.com,Male,1997
11285,Edi,Megany,emegany14@timesonline.co.uk,Female,2005
12587,Donnie,Sancraft,dsancraft15@merriam-webster.com,Female,1952
18604,Denys,Feldmark,dfeldmark16@theglobeandmail.com,Male,2009
15998,Rourke,Bugdale,rbugdale17@eepurl.com,Male,1990
19125,Shirlene,Benzing,sbenzing18@dedecms.com,Female,2008
11933,Booth,Barnicott,bbarnicott19@microsoft.com,Male,1982
10486,Austin,Hathorn,ahathorn1a@mozilla.org,Male,1989
15030,Poppy,Voisey,pvoisey1b@ebay.com,Female,1926
19802,Augie,MacGaughy,amacgaughy1c@addthis.com,Male,1992
14211,Maynord,Bril,mbril1d@shareasale.com,Male,1953
17283,Hilliard,Altree,haltree1e@hibu.com,Male,2004
14411,Floris,Cotman,fcotman1f@purevolume.com,Genderqueer,1969
15097,Aldric,Scathard,ascathard1g@nba.com,Male,1954
12161,Starlin,Petruszka,spetruszka1h@ft.com,Female,1926
12549,Riley,Lampett,rlampett1i@unicef.org,Male,1934
10113,Gennie,Ruddy,gruddy1j@nymag.com,Female,1931
15879,Tibold,Boxell,tboxell1k@harvard.edu,Male,1979
16436,Giffy,Pinn,gpinn1l@google.de,Male,1975
16534,Cristi,Sive,csive1m@patch.com,Female,1931
17307,Lock,Coggin,lcoggin1n@addthis.com,Male,1992
18410,Irma,Ship,iship1o@cloudflare.com,Bigender,1947
14628,Clement,Critchlow,ccritchlow1p@foxnews.com,Male,1996
19779,Piotr,Murgatroyd,pmurgatroyd1q@google.nl,Male,2003
16258,Cecile,O'Lahy,colahy1r@jigsy.com,Female,1953
14058,Kali,Ruane,kruane1s@wp.com,Female,1947
16580,Aylmar,Tunno,atunno1t@flickr.com,Male,2008
12296,Claudine,Cartmill,ccartmill1u@weather.com,Female,1949
15743,Joanie,Geydon,jgeydon1v@biglobe.ne.jp,Female,1939
15876,Derrick,Spring,dspring1w@europa.eu,Polygender,1921
11427,Beck,Billin,bbillin1x@gnu.org,Male,1925
13016,Kassia,Yukhnev,kyukhnev1y@usa.gov,Female,1989
17438,Sully,Writer,swriter1z@imgur.com,Male,1991
14144,Moishe,Danilchenko,mdanilchenko20@nhs.uk,Male,1949
11707,Sinclare,Edger,sedger21@house.gov,Male,2009
15214,Eleanora,Peverell,epeverell22@privacy.gov.au,Female,2003
19101,Anallese,Colerick,acolerick23@wikispaces.com,Female,1994
14649,Jarrid,Upham,jupham24@mysql.com,Male,2009
12859,Phil,Duckwith,pduckwith25@google.co.uk,Genderqueer,1956
11456,Therese,Holbarrow,tholbarrow26@tiny.cc,Female,1967
18979,Andy,Antoney,aantoney27@ocn.ne.jp,Female,1955
18241,Ursuline,Symonds,usymonds28@photobucket.com,Female,1964
10831,Maridel,Toulmin,mtoulmin29@symantec.com,Female,1982
15901,Man,Alan,malan2a@opera.com,Male,1995
11367,Glenine,Davie,gdavie2b@jiathis.com,Female,1983
10487,Jeremie,Yeoland,jyeoland2c@webs.com,Male,1958
16490,Alden,Tiron,atiron2d@nydailynews.com,Male,1956
19658,Pyotr,Keen,pkeen2e@go.com,Genderqueer,1941
14125,Penny,Illsley,pillsley2f@ning.com,Male,1972
10924,Lanette,Phlippi,lphlippi2g@taobao.com,Female,1997
16898,Horacio,Inkpen,hinkpen2h@paginegialle.it,Male,1976
15379,Darryl,Poacher,dpoacher2i@bbc.co.uk,Male,1965
16719,Ladonna,Aizikovitz,laizikovitz2j@google.com.br,Female,1955
12564,Vasilis,Harp,vharp2k@chronoengine.com,Male,2000
19443,Onfroi,Crennell,ocrennell2l@github.com,Male,1969
19012,Ewan,Inston,einston2m@netvibes.com,Male,1958
14540,Geoffry,Augustine,gaugustine2n@aol.com,Male,1986
10975,Diann,Beddin,dbeddin2o@ifeng.com,Female,1926
16866,Alain,Dowdell,adowdell2p@comsenz.com,Male,2003
13265,Ana,De la Yglesias,adelayglesias2q@google.de,Female,1956
12090,Ray,Dalli,rdalli2r@epa.gov,Female,2004
17075,Katrinka,Naseby,knaseby2s@cisco.com,Agender,1962
15397,Kelbee,Althrope,kalthrope2t@phpbb.com,Male,1995
18510,Sheff,Ambrosoni,sambrosoni2u@51.la,Male,1992
10432,Gonzalo,Olyff,golyff2v@mapy.cz,Male,2003
10902,Osborne,Aspall,oaspall2w@mtv.com,Male,1954
13926,Bram,Grabban,bgrabban2x@barnesandnoble.com,Male,1957
15840,Addi,Riccetti,ariccetti2y@google.ca,Female,2008
19149,Olin,Alyukin,oalyukin2z@abc.net.au,Male,1923
12292,Alva,Hubback,ahubback30@ovh.net,Male,1984
19829,Maurice,Laidel,mlaidel31@cocolog-nifty.com,Male,1952
15735,Salomon,Tremelling,stremelling32@hhs.gov,Male,2010
16936,Chlo,Shade,cshade33@ustream.tv,Female,1943
19640,Alfie,Tebbit,atebbit34@state.tx.us,Female,1962
15640,Orran,Sollon,osollon35@t-online.de,Male,1963
11137,Talbot,Dixcee,tdixcee36@ibm.com,Male,2007
13669,Alfons,Drakeford,adrakeford37@discovery.com,Polygender,1980
12963,Monti,Sprey,msprey38@twitter.com,Male,1920
16865,Mose,Tidman,mtidman39@mit.edu,Male,1934
12514,Stavros,Pley,spley3a@auda.org.au,Male,2000
16224,Wynny,Deakan,wdeakan3b@engadget.com,Female,1986
13005,Jamaal,Burwood,jburwood3c@miibeian.gov.cn,Male,2002
15236,Nicolas,Sherrington,nsherrington3d@xing.com,Male,1938
13822,Talia,De Francisci,tdefrancisci3e@uiuc.edu,Female,2009
13337,Panchito,Ham,pham3f@admin.ch,Male,1973
11531,Meier,Ferries,mferries3g@bluehost.com,Male,1930
17193,Arvin,Dudman,adudman3h@google.co.jp,Male,1922
15762,Franciska,Jansey,fjansey3i@flickr.com,Female,1953
12048,Crosby,Swindles,cswindles3j@etsy.com,Male,1953
18614,Fernanda,Stormes,fstormes3k@plala.or.jp,Female,1925
15712,Kimberli,Kinnard,kkinnard3l@craigslist.org,Female,1940
10172,Hulda,Kubiak,hkubiak3m@mapquest.com,Female,1924
19818,Dale,Zum Felde,dzumfelde3n@ucoz.com,Male,1978
10327,Tilda,Bowller,tbowller3o@deliciousdays.com,Female,1972
13056,Tawnya,Stempe,tstempe3p@fda.gov,Non-binary,1957
13885,Bree,Donnett,bdonnett3q@flavors.me,Female,1923
11280,Devondra,Cino,dcino3r@meetup.com,Female,1985
11689,Stan,Cornall,scornall3s@acquirethisname.com,Male,2009
13111,Stace,Tierney,stierney3t@nationalgeographic.com,Female,1997
15700,Freida,Tarn,ftarn3u@blogs.com,Female,1957
12808,Samuel,Jaggar,sjaggar3v@sciencedaily.com,Male,1932
18453,Herculie,Follan,hfollan3w@exblog.jp,Male,1975
11609,Trix,Wittrington,twittrington3x@state.gov,Female,1953
10407,Glenn,Blasi,gblasi3y@seesaa.net,Male,1947
11796,Courtney,Weiss,cweiss3z@prweb.com,Male,2010
11108,Hillier,Guillotin,hguillotin40@dailymotion.com,Male,1967
10338,Kerstin,Norton,knorton41@google.it,Female,1955
14315,Roderigo,Sabban,rsabban42@oaic.gov.au,Agender,1947
13655,Trista,Fatkin,tfatkin43@cpanel.net,Female,1991
11615,Adriaens,Durrington,adurrington44@buzzfeed.com,Female,1984
10289,Cathi,True,ctrue45@yandex.ru,Female,1981
15058,Olivie,Woolatt,owoolatt46@tinyurl.com,Female,1940
17879,Lesley,Baumler,lbaumler47@sakura.ne.jp,Male,1981
19152,Lorettalorna,Mowsdale,lmowsdale48@buzzfeed.com,Female,1945
10757,Ches,Noller,cnoller49@wikia.com,Male,2009
10772,Opal,Poole,opoole4a@ca.gov,Genderqueer,1976
19677,Johannah,Carlyle,jcarlyle4b@typepad.com,Female,1999
19038,Tammi,Painten,tpainten4c@gizmodo.com,Female,2004
11833,Candra,Pinwill,cpinwill4d@apple.com,Female,1928
18402,Broddie,Bisatt,bbisatt4e@posterous.com,Male,2000
11462,Cindra,Rainville,crainville4f@ustream.tv,Female,1945
10994,Benyamin,Aikman,baikman4g@apache.org,Male,1924
10945,Cosme,Baty,cbaty4h@auda.org.au,Male,2010
13863,Carly,McBryde,cmcbryde4i@friendfeed.com,Female,1935
10196,Gibbie,Janousek,gjanousek4j@yolasite.com,Male,1991
10879,Liuka,Toffts,ltoffts4k@ebay.com,Female,2001
13510,Codee,Rosenhaus,crosenhaus4l@army.mil,Female,1940
19033,Giffy,Burdoun,gburdoun4m@phpbb.com,Male,1948
16525,Bobbee,McGiff,bmcgiff4n@domainmarket.com,Agender,1990
15981,Nikos,Sphinxe,nsphinxe4o@google.fr,Male,1924
18638,Leda,McManamon,lmcmanamon4p@reddit.com,Female,2003
10584,Lura,Tootin,ltootin4q@aol.com,Female,1930
14594,Bren,Bahlmann,bbahlmann4r@chron.com,Female,1992
19570,Ker,Scamerden,kscamerden4s@toplist.cz,Male,2002
13773,Eleonore,Goldston,egoldston4t@japanpost.jp,Female,1929
19540,Drew,Klimowicz,dklimowicz4u@godaddy.com,Male,1942
15039,Royal,Burril,rburril4v@360.cn,Male,1929
17627,Ahmed,Hambrook,ahambrook4w@squidoo.com,Male,1926
11378,Tiebout,Daley,tdaley4x@uiuc.edu,Male,1926
15781,Hank,Mealiffe,hmealiffe4y@youtu.be,Male,1962
13736,Broderic,Kidd,bkidd4z@timesonline.co.uk,Male,1923
16750,Katharine,Beardsall,kbeardsall50@mysql.com,Female,1958
11727,Skip,Kinton,skinton51@woothemes.com,Male,1932
19637,Bernadine,Coopper,bcoopper52@wisc.edu,Female,1983
16283,Berk,Angeau,bangeau53@bandcamp.com,Male,1990
15891,Deb,Maidlow,dmaidlow54@independent.co.uk,Female,1920
15215,Marvin,Bridgman,mbridgman55@w3.org,Male,1962
17875,Astrix,Sefton,asefton56@buzzfeed.com,Female,1947
15055,Salim,McHardy,smchardy57@issuu.com,Male,1935
15452,Willem,Breeze,wbreeze58@boston.com,Male,1946
10818,Lazaro,Vasquez,lvasquez59@independent.co.uk,Non-binary,1943
14635,Jordon,Jacobsson,jjacobsson5a@opera.com,Male,1972
12411,Danya,MacNish,dmacnish5b@sphinn.com,Male,1952
16533,Kiley,Daber,kdaber5c@ehow.com,Female,1947
14712,Melina,Whittock,mwhittock5d@friendfeed.com,Female,1927
10826,Claybourne,Renac,crenac5e@delicious.com,Male,1997
10041,Abbott,Bage,abage5f@joomla.org,Male,1965
13858,Erskine,Downage,edownage5g@fc2.com,Male,1965
14757,Clerc,Lacasa,clacasa5h@ning.com,Male,1988
17819,Brod,Swepson,bswepson5i@lycos.com,Male,1962
14359,Garrott,Cervantes,gcervantes5j@topsy.com,Male,1942
19450,Reggie,Pering,rpering5k@t-online.de,Male,1963
13856,Odessa,Holcroft,oholcroft5l@loc.gov,Female,1966
19444,Kellsie,Bussel,kbussel5m@is.gd,Female,1971
15671,Mortimer,Perrygo,mperrygo5n@hhs.gov,Male,1929
10388,Arie,Quenby,aquenby5o@cdc.gov,Male,1983
11322,Elwyn,Armsby,earmsby5p@state.tx.us,Male,2006
14095,Quinlan,McDarmid,qmcdarmid5q@jalbum.net,Male,1935
12629,Artie,Kemp,akemp5r@prweb.com,Male,1985
10510,Juli,Rabb,jrabb5s@artisteer.com,Female,2010
18255,Margalit,Fothergill,mfothergill5t@google.nl,Non-binary,1926
10580,Evey,Lockley,elockley5u@pen.io,Female,1935
12212,Baron,Janos,bjanos5v@sakura.ne.jp,Male,2006
14565,Innis,Eglington,ieglington5w@arstechnica.com,Male,1979
13793,Erinn,Maffetti,emaffetti5x@boston.com,Female,1969
15438,Linoel,Ridwood,lridwood5y@goodreads.com,Male,1970
18466,Pierce,Knightly,pknightly5z@wix.com,Male,1961
14544,Orin,McElane,omcelane60@cornell.edu,Male,2010
15459,Sterne,Rhymes,srhymes61@ovh.net,Bigender,1952
16198,Melissa,Juszczyk,mjuszczyk62@disqus.com,Polygender,1978
15547,Trudy,Pottiphar,tpottiphar63@deliciousdays.com,Female,1986
15004,Benny,Barmadier,bbarmadier64@spiegel.de,Male,1942
15847,Shela,Hebblewaite,shebblewaite65@surveymonkey.com,Female,1932
15955,Rosanne,Kerbler,rkerbler66@comcast.net,Female,1922
14934,Brenden,Lamps,blamps67@canalblog.com,Male,2002
12638,Maximilian,Vittle,mvittle68@canalblog.com,Genderqueer,1951
16598,Binky,Praton,bpraton69@buzzfeed.com,Male,1977
12203,Morgun,Oxshott,moxshott6a@economist.com,Male,1938
13657,Toinette,Beavers,tbeavers6b@a8.net,Female,2009
16802,Regen,Gilby,rgilby6c@telegraph.co.uk,Male,1935
11376,Lemuel,Bridywater,lbridywater6d@1688.com,Male,1928
14178,Alleen,Feighry,afeighry6e@infoseek.co.jp,Female,1985
14759,Annalee,Pert,apert6f@php.net,Female,1977
11461,Carlos,Luno,cluno6g@pagesperso-orange.fr,Bigender,1958
12986,Artair,Yushachkov,ayushachkov6h@furl.net,Male,1943
15590,Garv,Hasson,ghasson6i@surveymonkey.com,Male,1998
15670,Josi,Riehm,jriehm6j@mapquest.com,Female,1974
17741,Ailey,Leppington,aleppington6k@rakuten.co.jp,Female,1973
11500,Dom,Foreman,dforeman6l@bloglovin.com,Male,1945
17321,Peyton,Mac Geaney,pmacgeaney6m@cnn.com,Male,1994
19314,Dillon,Iuorio,diuorio6n@dell.com,Male,2009
15766,Felice,Meran,fmeran6o@apache.org,Male,1970
13218,Kippy,Apple,kapple6p@xing.com,Male,1973
14328,Lesli,Taffrey,ltaffrey6q@illinois.edu,Female,1939
16102,Lonnie,Huburn,lhuburn6r@tiny.cc,Female,2003
16553,Jenifer,Parres,jparres6s@oaic.gov.au,Agender,1971
15673,Emmeline,Broe,ebroe6t@about.me,Non-binary,1941
15025,Clevey,MacCome,cmaccome6u@wordpress.org,Male,1940
17784,Brade,Hibbart,bhibbart6v@symantec.com,Male,2006
12419,Ethelind,Northall,enorthall6w@cbslocal.com,Female,1955
18127,Sid,Pelchat,spelchat6x@scribd.com,Male,1967
18317,Ronna,Kohen,rkohen6y@privacy.gov.au,Female,1963
12686,Flora,Yousef,fyousef6z@economist.com,Female,1985
10669,Merline,Hought,mhought70@auda.org.au,Female,1960
11692,Madonna,Sabate,msabate71@bandcamp.com,Female,1946
11115,Opal,Comins,ocomins72@example.com,Female,1942
15438,Annetta,Grestye,agrestye73@cbc.ca,Genderfluid,1992
15570,Estell,Chidley,echidley74@lulu.com,Genderqueer,2003
17449,Trish,Dassindale,tdassindale75@alibaba.com,Female,1921
18547,Sandy,Chittock,schittock76@google.com,Male,1980
12659,Ruben,Petrushkevich,rpetrushkevich77@wikimedia.org,Male,2005
15758,Rebeca,Kubiak,rkubiak78@wikimedia.org,Female,1952
12380,Neall,Courage,ncourage79@spotify.com,Male,1942
17402,Jim,Dumper,jdumper7a@trellian.com,Male,1983
10905,Maggee,Edy,medy7b@photobucket.com,Female,1933
16741,Tristam,Hawking,thawking7c@addtoany.com,Male,1935
18416,Orelie,Tyas,otyas7d@comsenz.com,Bigender,1940
10827,Odele,Butters,obutters7e@spiegel.de,Female,1958
14458,Nert,Swatheridge,nswatheridge7f@wikimedia.org,Female,1998
19033,Eadith,Van't Hoff,evanthoff7g@mozilla.com,Female,1937
17953,Stanton,Niche,sniche7h@nba.com,Male,1982
17017,Amity,Musgrove,amusgrove7i@pen.io,Female,2010
11683,Kelley,Gouge,kgouge7j@hhs.gov,Female,1982
13398,Joanie,Weafer,jweafer7k@cafepress.com,Female,1979
11829,Isaiah,Jinda,ijinda7l@utexas.edu,Male,1922
11128,Pennie,Bettis,pbettis7m@csmonitor.com,Genderqueer,1997
16618,Elmer,Dobell,edobell7n@nasa.gov,Male,1968
15053,Lamar,Keep,lkeep7o@naver.com,Male,2008
19545,Maison,Dukelow,mdukelow7p@springer.com,Polygender,1984
16747,Danna,Breach,dbreach7q@163.com,Female,1926
15200,Rickert,Folbigg,rfolbigg7r@rakuten.co.jp,Male,1998
16679,Abagail,Trevor,atrevor7s@noaa.gov,Female,1988
14609,Obediah,Adshed,oadshed7t@php.net,Male,2006
14230,Brittany,Chasson,bchasson7u@telegraph.co.uk,Female,1956
18933,Husain,Duchesne,hduchesne7v@elpais.com,Male,1982
12788,Gilligan,Skarr,gskarr7w@go.com,Female,1945
19273,Gwyn,Gopsill,ggopsill7x@163.com,Female,1948
13336,Athena,Bram,abram7y@shareasale.com,Female,1995
14831,Jehu,Trimming,jtrimming7z@desdev.cn,Male,1958
16032,Alair,Spiers,aspiers80@kickstarter.com,Male,1935
13504,Stu,Cogar,scogar81@dell.com,Male,1943
11979,Miguel,Harriagn,mharriagn82@hao123.com,Male,1926
18077,Minny,Elders,melders83@skyrock.com,Genderfluid,2007
17964,Oates,Whittet,owhittet84@wikispaces.com,Male,1932
16317,Virgie,Maunder,vmaunder85@w3.org,Female,1965
11980,Sarge,Riggert,sriggert86@mac.com,Male,1982
17345,Hermann,Leathlay,hleathlay87@weebly.com,Male,1927
11233,Whit,Grimwood,wgrimwood88@facebook.com,Male,1999
13850,Ninon,Southwell,nsouthwell89@skyrock.com,Genderqueer,2007
19050,Hammad,Petrowsky,hpetrowsky8a@live.com,Male,2001
12942,Sarette,Quarterman,squarterman8b@wufoo.com,Female,1947
10229,Errick,Arkell,earkell8c@photobucket.com,Male,1976
10173,Duncan,Puvia,dpuvia8d@rakuten.co.jp,Male,2006
17656,Sam,Forkan,sforkan8e@joomla.org,Male,1998
18252,Amery,Lopes,alopes8f@foxnews.com,Male,2006
17317,Violetta,Covolini,vcovolini8g@prnewswire.com,Female,2006
14451,Gan,Grinnov,ggrinnov8h@ow.ly,Male,1979
12821,Cathrin,Vargas,cvargas8i@sina.com.cn,Female,1967
11738,Mattheus,Kyneton,mkyneton8j@hao123.com,Male,1940
15789,Sibylle,Mansion,smansion8k@weibo.com,Female,2002
12098,Tadd,Litster,tlitster8l@narod.ru,Male,1929
12458,Andris,Brach,abrach8m@webnode.com,Male,1996
14181,Clerissa,Ertelt,certelt8n@tinyurl.com,Female,1991
19606,Berny,Katz,bkatz8o@163.com,Agender,1989
13341,Kelley,Filipovic,kfilipovic8p@omniture.com,Female,2002
18073,Angelico,Laidel,alaidel8q@spiegel.de,Male,1931
10223,Idalia,Valencia,ivalencia8r@hibu.com,Female,2002
19904,Lizette,Fippe,lfippe8s@cloudflare.com,Female,1930
19800,Anne-marie,Sebborn,asebborn8t@abc.net.au,Female,1982
15713,Cece,Bavidge,cbavidge8u@storify.com,Male,1973
16420,Horton,Danzey,hdanzey8v@jimdo.com,Male,1992
15750,Timothee,Woolland,twoolland8w@examiner.com,Male,1981
14782,Torie,Daggett,tdaggett8x@de.vu,Female,1990
11084,Eli,Thorbon,ethorbon8y@amazon.com,Genderqueer,1926
16683,Ysabel,Walley,ywalley8z@networkadvertising.org,Female,1991
15865,Camellia,Phizaclea,cphizaclea90@goo.gl,Non-binary,1982
10114,Rikki,Mackilpatrick,rmackilpatrick91@github.io,Male,2004
19697,Marcellina,Novic,mnovic92@digg.com,Agender,1965
17774,Augustin,Featherbie,afeatherbie93@google.it,Male,1942
17293,Terra,Impey,timpey94@wix.com,Female,1932
16547,Berthe,Bagby,bbagby95@behance.net,Female,1975
10940,Willem,Goldspink,wgoldspink96@wp.com,Male,2005
16494,Min,Gilder,mgilder97@hibu.com,Female,1988
15280,Archibaldo,Sizland,asizland98@uol.com.br,Male,1956
17293,Temple,Billsberry,tbillsberry99@ezinearticles.com,Agender,1973
10772,Adoree,Aimeric,aaimeric9a@tinypic.com,Female,1938
19751,Diandra,Freckelton,dfreckelton9b@gmpg.org,Female,1942
11017,Braden,Darragon,bdarragon9c@aboutads.info,Male,1973
17603,Sybille,Jeal,sjeal9d@blogtalkradio.com,Female,1942
12574,Napoleon,Felix,nfelix9e@blogs.com,Bigender,1939
10852,Tedra,Eastwell,teastwell9f@themeforest.net,Female,2009
18183,Bride,Brownjohn,bbrownjohn9g@harvard.edu,Agender,1937
18771,Dolorita,Lassen,dlassen9h@canalblog.com,Female,1927
13370,Syman,Skatcher,sskatcher9i@economist.com,Bigender,1993
15923,Averyl,Matkin,amatkin9j@about.me,Female,2005
13063,Garvin,Whimp,gwhimp9k@salon.com,Male,1943
15952,Dannie,Redfearn,dredfearn9l@theglobeandmail.com,Bigender,1972
19453,Gayleen,Berrie,gberrie9m@abc.net.au,Female,1971
15451,Hebert,Darlasson,hdarlasson9n@skype.com,Male,1976
19104,Yuma,Farnon,yfarnon9o@google.cn,Male,1982
18127,Fawne,Jiricka,fjiricka9p@google.it,Female,1981
13897,Ennis,Klimkin,eklimkin9q@walmart.com,Bigender,1987
17963,Brodie,Paunsford,bpaunsford9r@homestead.com,Male,2004
12057,Cart,Laughlin,claughlin9s@dagondesign.com,Male,1952
10449,Maximilian,McCombe,mmccombe9t@berkeley.edu,Male,2010
12316,Carlota,Redsall,credsall9u@virginia.edu,Female,1934
15728,Nate,Ashpital,nashpital9v@ifeng.com,Male,1981
12452,Angelo,Leinthall,aleinthall9w@theguardian.com,Male,2003
17805,Stanwood,Glazzard,sglazzard9x@latimes.com,Genderfluid,1976
15508,Constantin,Heeney,cheeney9y@tripod.com,Male,1964
13905,Coralyn,Plaister,cplaister9z@mit.edu,Female,1985
11077,Lesli,Suckling,lsucklinga0@ox.ac.uk,Female,1967
15169,Lucien,Boyland,lboylanda1@tamu.edu,Polygender,2009
12697,Kelci,Grumley,kgrumleya2@yelp.com,Genderfluid,1920
17723,Casandra,Ledekker,cledekkera3@51.la,Female,1993
14023,Cedric,Foster-Smith,cfostersmitha4@fc2.com,Male,1992
17133,Rollins,Need,rneeda5@ifeng.com,Male,1990
17099,Godfry,Surgen,gsurgena6@ft.com,Male,1966
13888,Cass,Budd,cbudda7@blogspot.com,Female,1996
16774,Vanna,Fullylove,vfullylovea8@vk.com,Female,1962
10330,Jilli,Wittman,jwittmana9@issuu.com,Female,2010
13528,Vladamir,McAlpine,vmcalpineaa@sakura.ne.jp,Male,1996
13626,Constantine,Mazzia,cmazziaab@usnews.com,Male,1933
10273,Elene,Hew,ehewac@fema.gov,Female,2001
19615,Megen,Rumsby,mrumsbyad@woothemes.com,Female,1942
13850,Alvan,Keenlayside,akeenlaysideae@youtu.be,Male,2010
10589,Phyllis,Slyme,pslymeaf@amazonaws.com,Female,1953
18310,Elmer,Stanyon,estanyonag@nymag.com,Male,1964
14092,Elvira,Halvorsen,ehalvorsenah@uiuc.edu,Female,1934
11168,Elicia,Caustic,ecausticai@webnode.com,Female,1998
11308,Elston,Strothers,estrothersaj@tumblr.com,Male,1934
10905,Nicko,Angood,nangoodak@addthis.com,Male,1989
13643,Annmaria,Coghlin,acoghlinal@linkedin.com,Female,1929
15934,Fletch,Kincla,fkinclaam@feedburner.com,Male,2005
11793,Kristi,Castellan,kcastellanan@google.es,Female,1998
15187,Lisle,Lavers,llaversao@symantec.com,Male,1934
10343,Cathee,Riepl,crieplap@adobe.com,Female,2002
12931,Krishnah,Eltun,keltunaq@reference.com,Male,1998
11013,Ruth,Voce,rvocear@theguardian.com,Female,1950
14916,Mitch,Roseveare,mroseveareas@phoca.cz,Male,1929
18967,Brook,Gerg,bgergat@senate.gov,Male,1938
10601,Mabel,Nunes Nabarro,mnunesnabarroau@quantcast.com,Female,1963
14297,Antons,Ragles,araglesav@cyberchimps.com,Male,1926
11155,Julee,Domesday,jdomesdayaw@usatoday.com,Female,1976
16812,Leila,McBeath,lmcbeathax@msu.edu,Female,1978
11915,Wenda,Pyle,wpyleay@businessweek.com,Female,1968
13212,Cornelia,Middlewick,cmiddlewickaz@slate.com,Female,1927
18129,Pia,Spilstead,pspilsteadb0@unc.edu,Female,1971
18340,Marc,Richfield,mrichfieldb1@cbsnews.com,Male,1926
18243,Perri,Huggan,phugganb2@miibeian.gov.cn,Female,1952
11629,Denise,McShea,dmcsheab3@newsvine.com,Female,1963
16046,Neilla,Kullmann,nkullmannb4@xinhuanet.com,Female,1937
10538,Moselle,Veryard,mveryardb5@icio.us,Female,1937
15283,Lem,Assiter,lassiterb6@un.org,Male,1932
12474,Ludovico,Balam,lbalamb7@stumbleupon.com,Male,1933
17383,Isaac,Bostick,ibostickb8@un.org,Male,1961
11167,Matilde,Balling,mballingb9@printfriendly.com,Genderfluid,1988
11023,Sawyer,Rewbottom,srewbottomba@parallels.com,Male,1921
19325,Frederick,Nucciotti,fnucciottibb@squidoo.com,Male,1976
14044,West,Broggio,wbroggiobc@shop-pro.jp,Agender,1966
11495,Charlton,Graith,cgraithbd@addthis.com,Male,1961
18732,Skipper,Calbert,scalbertbe@weibo.com,Male,1967
19888,Corey,Marriage,cmarriagebf@hibu.com,Female,1971
13447,Lena,Renzullo,lrenzullobg@posterous.com,Female,1963
17281,Elinore,Dongles,edonglesbh@harvard.edu,Female,1966
16192,Felic,Fogden,ffogdenbi@ca.gov,Male,1990
14664,Eliot,Rides,eridesbj@cdc.gov,Male,2010
14474,Kellsie,Bosanko,kbosankobk@berkeley.edu,Female,1981
15976,Lari,Iacovolo,liacovolobl@parallels.com,Female,1961
11149,Shana,Capelin,scapelinbm@mashable.com,Female,1947
12754,Andre,Baylis,abaylisbn@cdbaby.com,Male,1998
19080,Cammie,Kollasch,ckollaschbo@foxnews.com,Female,1957
11552,Calli,Geistbeck,cgeistbeckbp@admin.ch,Female,1976
11988,Aloin,Wigfield,awigfieldbq@histats.com,Male,1978
14410,Eustacia,Cullon,ecullonbr@example.com,Female,1966
13499,Clayson,Bennike,cbennikebs@pcworld.com,Male,1965
14781,Sumner,Eynald,seynaldbt@house.gov,Male,1949
18945,Gram,Hinz,ghinzbu@who.int,Male,2003
17880,Cherianne,Wheble,cwheblebv@liveinternet.ru,Female,1977
12649,Marylynne,Abrahamsohn,mabrahamsohnbw@gizmodo.com,Female,1948
10123,Mannie,Cuerdall,mcuerdallbx@cnn.com,Male,1985
17164,Terry,Doody,tdoodyby@unc.edu,Female,1957
19310,Isa,Leaves,ileavesbz@cdbaby.com,Female,1972
11670,Alan,Switsur,aswitsurc0@sciencedaily.com,Male,1939
10241,Carey,Bompas,cbompasc1@princeton.edu,Male,1949
12811,Caddric,Schroder,cschroderc2@livejournal.com,Male,1964
19171,Dinnie,Langcaster,dlangcasterc3@ft.com,Female,2000
19195,Rina,Bampforth,rbampforthc4@smugmug.com,Bigender,1965
12728,Jasmin,Squire,jsquirec5@ted.com,Female,1976
16963,Curran,Littledyke,clittledykec6@is.gd,Male,2009
19827,Eldon,Trevaskis,etrevaskisc7@gravatar.com,Male,1960
15965,Tybalt,Deschelle,tdeschellec8@yellowbook.com,Male,1989
18942,Mercie,Wankling,mwanklingc9@is.gd,Female,1982
17223,Marco,Hentzer,mhentzerca@networksolutions.com,Male,2002
11213,Dalis,Sizzey,dsizzeycb@auda.org.au,Male,1935
10072,Marilee,Worledge,mworledgecc@mlb.com,Female,1964
13732,Beverley,Wingar,bwingarcd@blogtalkradio.com,Female,1987
10725,Andy,Asif,aasifce@patch.com,Male,1942
15014,Hersh,Mowson,hmowsoncf@shareasale.com,Male,1982
10472,Kile,Guyan,kguyancg@washingtonpost.com,Male,1967
18896,Kandace,Meenan,kmeenanch@wiley.com,Female,1989
18743,Amble,Strand,astrandci@myspace.com,Male,1938
12028,Ettore,Haugeh,ehaugehcj@usatoday.com,Agender,1979
13139,Tom,Gaber,tgaberck@printfriendly.com,Male,1967
19603,Giuseppe,Baldassi,gbaldassicl@buzzfeed.com,Male,1960
17546,Shellysheldon,Bagenal,sbagenalcm@auda.org.au,Male,1930
16482,Trumann,Jakeway,tjakewaycn@ehow.com,Male,1947
10651,Boyd,Cole,bcoleco@hatena.ne.jp,Male,1971
14542,Laney,Janjic,ljanjiccp@dot.gov,Male,1927
11798,Rebekkah,Hugnin,rhugnincq@bbc.co.uk,Female,1947
13530,Casar,Filippazzo,cfilippazzocr@tuttocitta.it,Male,1994
18931,Annelise,Bernon,abernoncs@unblog.fr,Female,2002
17830,Andrew,Laxson,alaxsonct@chicagotribune.com,Non-binary,1971
18550,Lenci,Rosekilly,lrosekillycu@csmonitor.com,Male,1994
16032,Brantley,Leblanc,bleblanccv@goodreads.com,Male,1933
11814,Donica,Buss,dbusscw@posterous.com,Female,2002
14948,Dallis,Hatzar,dhatzarcx@xing.com,Male,1950
10790,Maurits,Havill,mhavillcy@pinterest.com,Male,1981
15840,Ulrick,McGeoch,umcgeochcz@photobucket.com,Male,2010
13220,Freddie,Dixie,fdixied0@ihg.com,Female,2006
16225,Dasha,Klainman,dklainmand1@springer.com,Female,2008
18773,Leonore,Teape,lteaped2@imgur.com,Female,1992
13523,Colin,Chesworth,cchesworthd3@hostgator.com,Male,1971
19905,Junina,Korba,jkorbad4@51.la,Female,1920
16766,Dniren,Christofor,dchristoford5@upenn.edu,Female,1948
18774,Bay,Joliffe,bjoliffed6@slideshare.net,Male,1972
15090,Leonard,MacLeod,lmacleodd7@github.com,Male,1942
11949,Nolan,Maskill,nmaskilld8@a8.net,Bigender,1986
16105,Lanette,Kempe,lkemped9@elpais.com,Polygender,1954
18769,Francklin,Zukierman,fzukiermanda@house.gov,Male,2009
10495,Jacqui,Dulake,jdulakedb@arizona.edu,Female,1956
15973,Blithe,Dare,bdaredc@nsw.gov.au,Female,1946
14884,Marne,Rubenczyk,mrubenczykdd@upenn.edu,Female,1945
17333,Torrie,Iorio,tioriode@privacy.gov.au,Genderfluid,1995
10339,Cesaro,Strapp,cstrappdf@indiegogo.com,Male,1950
18886,Olga,Ovington,oovingtondg@wsj.com,Agender,1943
19448,Terese,Van Oort,tvanoortdh@domainmarket.com,Female,1950
13487,Turner,Hellyer,thellyerdi@upenn.edu,Male,1990
18515,Fionna,Saxelby,fsaxelbydj@studiopress.com,Female,1984
15794,Verena,Schulken,vschulkendk@people.com.cn,Female,1969
12487,Hilde,Dabell,hdabelldl@51.la,Female,1996
19266,Tuck,Kovelmann,tkovelmanndm@umn.edu,Male,1974
13451,Pippy,Scading,pscadingdn@wordpress.com,Female,1978
11652,Gaspard,De Mitri,gdemitrido@ox.ac.uk,Male,1997
14821,Zacharias,Fleisch,zfleischdp@apache.org,Male,1937
11012,Kenton,Scrafton,kscraftondq@diigo.com,Male,1933
14028,Forester,Side,fsidedr@gmpg.org,Male,1987
14942,Jacquelin,Hatherall,jhatherallds@bigcartel.com,Female,1975
11951,Mata,Wyse,mwysedt@accuweather.com,Male,1996
16069,Tremaine,Marlor,tmarlordu@github.io,Agender,1925
19374,Harvey,Giacopelo,hgiacopelodv@spiegel.de,Male,1924
18307,Melvyn,Speek,mspeekdw@drupal.org,Male,1945
19907,Del,Mammatt,dmammattdx@mozilla.com,Female,1933
10947,Garnet,D'eye,gdeyedy@webmd.com,Female,1928
12160,Leoine,Osler,loslerdz@cbsnews.com,Female,1931
16613,Dorie,Calliss,dcallisse0@wisc.edu,Male,2001
15616,Hanan,Manueau,hmanueaue1@adobe.com,Male,1997
17594,Harrie,Markussen,hmarkussene2@rambler.ru,Genderfluid,1963
11038,Xena,Raffin,xraffine3@foxnews.com,Female,1933
12025,Tull,Lindgren,tlindgrene4@google.com,Male,1945
13708,Franky,Gettins,fgettinse5@diigo.com,Male,1994
14541,Valdemar,Womack,vwomacke6@independent.co.uk,Male,1980
18229,Ianthe,Deveraux,ideverauxe7@walmart.com,Female,1969
14875,Mohammed,Lant,mlante8@spiegel.de,Male,1938
10907,Christophe,Baswall,cbaswalle9@discuz.net,Male,1924
15134,Cullin,Redding,creddingea@blogger.com,Male,1994
15471,Hart,Gloves,hgloveseb@usa.gov,Male,1928
17513,Mark,Penniell,mpenniellec@illinois.edu,Male,1986
13196,Quent,Franken,qfrankened@joomla.org,Male,1951
18487,Joanne,Duthie,jduthieee@1688.com,Female,1976
15531,Claudianus,Wroe,cwroeef@smh.com.au,Male,1957
12370,Hervey,Atkins,hatkinseg@dailymail.co.uk,Male,1927
13887,Manolo,Johnston,mjohnstoneh@ed.gov,Male,1998
14451,Oralle,MacGaughie,omacgaughieei@fda.gov,Female,1981
13753,Gnni,Guirau,gguirauej@uiuc.edu,Female,1931
13430,West,Gwilliams,wgwilliamsek@bing.com,Male,1984
13924,Laraine,Joutapaitis,ljoutapaitisel@abc.net.au,Genderqueer,1941
13922,Fleur,Gregoli,fgregoliem@java.com,Female,1949
13551,Verena,Rape,vrapeen@phpbb.com,Female,1968
11595,Aindrea,Convery,aconveryeo@mac.com,Female,1941
16638,Moreen,Dolphin,mdolphinep@comcast.net,Female,1934
13813,Marquita,Ramberg,mrambergeq@cisco.com,Female,1920
13402,Saunderson,Lempel,slempeler@cisco.com,Male,1932
17644,Joann,Skeath,jskeathes@bigcartel.com,Female,1925
18387,Christin,Janacek,cjanaceket@nationalgeographic.com,Bigender,1945
17154,Fred,Klimschak,fklimschakeu@about.com,Male,1980
10898,Esme,Kyndred,ekyndredev@sbwire.com,Female,2008
15717,Alverta,Sibbs,asibbsew@sitemeter.com,Female,1958
14678,Christiano,Bartholomieu,cbartholomieuex@cafepress.com,Male,1936
14532,Jeddy,Dreghorn,jdreghorney@yellowpages.com,Male,1978
16235,Cornell,Aitkin,caitkinez@joomla.org,Male,1938
13331,Johnathan,Lawling,jlawlingf0@cloudflare.com,Male,1948
11522,Siward,Hatchard,shatchardf1@slideshare.net,Male,1992
19480,Melody,Elmhirst,melmhirstf2@mlb.com,Female,1985
12352,Milli,Vallerine,mvallerinef3@google.nl,Female,1968
11520,Querida,Domney,qdomneyf4@statcounter.com,Female,1923
15220,Ida,Pund,ipundf5@seattletimes.com,Female,1951
15839,Burke,Bowlands,bbowlandsf6@uiuc.edu,Male,2005
11780,Addison,Dreng,adrengf7@cnet.com,Male,1952
14737,Darrin,Collister,dcollisterf8@youku.com,Male,1981
16713,Demetrius,Dowsett,ddowsettf9@redcross.org,Male,1946
12221,Juliet,Pavis,jpavisfa@domainmarket.com,Genderfluid,1996
10410,Darrelle,Haken,dhakenfb@wunderground.com,Female,1966
14634,Jeno,Giacopetti,jgiacopettifc@examiner.com,Male,1983
15011,Edwin,Goggan,egogganfd@mashable.com,Male,1980
17258,Myrtie,Larne,mlarnefe@godaddy.com,Female,1971
12377,Fawn,Segot,fsegotff@npr.org,Female,2010
16132,Elysia,Pilipets,epilipetsfg@instagram.com,Genderfluid,1994
11274,Vivien,Yerrell,vyerrellfh@shutterfly.com,Female,2007
14188,Melicent,Tembridge,mtembridgefi@e-recht24.de,Female,1960
12183,Hansiain,MacNair,hmacnairfj@comsenz.com,Male,1937
15994,Renado,Eagers,reagersfk@icq.com,Male,1929
12192,Nicki,Ollerton,nollertonfl@cbsnews.com,Female,1998
16034,Skip,Vairow,svairowfm@nature.com,Male,1979
14286,Irena,Chirm,ichirmfn@unicef.org,Female,1937
17301,Rancell,Evamy,revamyfo@sphinn.com,Male,1958
13329,Taddeusz,Terris,tterrisfp@devhub.com,Male,1981
14395,Boigie,Stoodale,bstoodalefq@1und1.de,Male,1927
11786,Helyn,Ferenczi,hferenczifr@webs.com,Genderqueer,1950
19680,Dorene,McEllen,dmcellenfs@hugedomains.com,Female,1990
15540,Elwin,Lawlor,elawlorft@studiopress.com,Male,1956
11879,Caye,Macy,cmacyfu@jigsy.com,Female,1932
15325,Gayelord,Blanchard,gblanchardfv@is.gd,Male,1933
16046,Coral,Dominichelli,cdominichellifw@4shared.com,Genderqueer,1958
15544,Karlens,Ville,kvillefx@baidu.com,Agender,1938
15147,Nicolai,Hackworth,nhackworthfy@google.com.au,Male,1985
18044,Trumann,Sommerton,tsommertonfz@gmpg.org,Male,1924
11903,Celia,Casson,ccassong0@fc2.com,Female,1991
19624,Barny,Badgers,bbadgersg1@livejournal.com,Male,1960
17272,Bryan,Forbes,bforbesg2@spiegel.de,Male,1935
16713,Kellby,O'Shevlan,koshevlang3@nyu.edu,Male,1980
13423,Jarvis,Daud,jdaudg4@cyberchimps.com,Male,2009
19918,Carree,Lidster,clidsterg5@bluehost.com,Female,1920
16333,Valerie,Wilbud,vwilbudg6@go.com,Female,1947
11640,Franny,Studdert,fstuddertg7@illinois.edu,Female,1971
19778,Mace,Scrooby,mscroobyg8@surveymonkey.com,Male,1985
12714,Genevra,Billingham,gbillinghamg9@reddit.com,Female,1987
18829,Elvis,Seson,esesonga@bloglovin.com,Male,1987
11772,Addie,Ravens,aravensgb@blogtalkradio.com,Male,1923
17524,Sloan,Snarr,ssnarrgc@bizjournals.com,Male,1941
11967,Payton,Stark,pstarkgd@xrea.com,Male,1997
17770,Sallie,Merrison,smerrisonge@mlb.com,Genderqueer,1940
19749,Lowell,Capstake,lcapstakegf@cloudflare.com,Male,2003
19167,Rollins,McMorran,rmcmorrangg@mashable.com,Male,1926
12471,Gaye,Bowring,gbowringgh@behance.net,Female,1951
11279,Ferdy,Scoines,fscoinesgi@so-net.ne.jp,Male,1924
16772,Misha,Plenderleith,mplenderleithgj@digg.com,Female,1981
10087,Jesse,Reynault,jreynaultgk@discuz.net,Bigender,1933
10594,Renate,Hubner,rhubnergl@xing.com,Female,1984
17129,Maxwell,Raison,mraisongm@theglobeandmail.com,Male,1974
12008,Elyn,Nacci,enaccign@google.co.uk,Female,1943
10202,Karolina,Laimable,klaimablego@gnu.org,Female,1961
19123,Adeline,Werner,awernergp@aboutads.info,Non-binary,1973
19730,Beth,Coslett,bcoslettgq@blinklist.com,Female,1942
12639,Stevie,Machen,smachengr@a8.net,Male,1966
19260,Anne-corinne,Swayne,aswaynegs@bizjournals.com,Female,1927
12978,Devondra,Roxbrough,droxbroughgt@histats.com,Female,1952
13635,Mair,Crinage,mcrinagegu@eepurl.com,Female,1985
17070,Gabbie,Angeli,gangeligv@huffingtonpost.com,Male,2001
16038,Erroll,Antoniazzi,eantoniazzigw@mapy.cz,Male,1985
19256,Rick,Ive,rivegx@canalblog.com,Male,1923
10700,Stu,Point,spointgy@macromedia.com,Male,1929
19681,Daryn,Sebborn,dsebborngz@yale.edu,Female,1973
10065,Arvie,Gasticke,agastickeh0@prnewswire.com,Male,1930
12618,Brade,Oxbe,boxbeh1@hud.gov,Male,1998
10583,Lothario,Devita,ldevitah2@reddit.com,Male,1922
14144,Ellen,Mattosoff,emattosoffh3@1und1.de,Female,1991
17773,Salvador,Dallan,sdallanh4@bigcartel.com,Male,1990
16303,Kelcie,Gabbetis,kgabbetish5@typepad.com,Polygender,1941
16229,Curtice,Eckert,ceckerth6@sogou.com,Male,1926
10278,Drucie,Knibb,dknibbh7@newyorker.com,Female,1948
18384,Colman,Ucceli,cuccelih8@dagondesign.com,Male,1920
12488,Trudie,Rimington,trimingtonh9@vistaprint.com,Female,1946
12665,Bethina,Ropcke,bropckeha@friendfeed.com,Female,1920
15068,Kipp,Beardon,kbeardonhb@usda.gov,Male,2010
16495,Orland,Dunk,odunkhc@icio.us,Male,1945
10072,Rosemonde,Dennes,rdenneshd@ucoz.com,Female,1938
19235,Sawyer,Comazzo,scomazzohe@miibeian.gov.cn,Male,1962
12615,Josh,Riddlesden,jriddlesdenhf@angelfire.com,Male,1980
11052,Clyve,Gent,cgenthg@fotki.com,Male,1944
12402,Benson,Plinck,bplinckhh@patch.com,Male,1930
17207,Kat,Morfett,kmorfetthi@addthis.com,Female,1999
15706,Darrel,Woolford,dwoolfordhj@arizona.edu,Male,1990
12607,Scarface,Largent,slargenthk@domainmarket.com,Male,1969
13519,Blisse,Lanphier,blanphierhl@aol.com,Female,1937
12416,Sharlene,Dunbar,sdunbarhm@google.nl,Female,1935
15063,Gibbie,Jeyness,gjeynesshn@stanford.edu,Male,1946
17100,Harris,O' Molan,homolanho@tamu.edu,Male,1978
13984,Sloan,Di Ruggero,sdiruggerohp@linkedin.com,Male,1995
11153,Corrianne,Whitelaw,cwhitelawhq@unc.edu,Female,1987
18281,Carree,Sember,csemberhr@state.tx.us,Female,1966
15925,Marcello,Succamore,msuccamorehs@ca.gov,Male,1972
12402,Courtnay,Blague,cblagueht@taobao.com,Male,1961
10924,Morse,Girth,mgirthhu@wp.com,Male,1961
18173,Felizio,Coie,fcoiehv@macromedia.com,Male,1973
13785,Oberon,Leades,oleadeshw@elegantthemes.com,Male,1964
13252,Veronike,Bilbery,vbilberyhx@latimes.com,Female,1945
17026,Jarad,Ruegg,jruegghy@miitbeian.gov.cn,Male,1922
18344,Edgardo,Kimberly,ekimberlyhz@github.io,Male,1937
15130,Iain,Grzelczak,igrzelczaki0@vistaprint.com,Male,1955
11867,Shandra,Tague,staguei1@4shared.com,Female,1939
17649,Nappie,Pitcaithley,npitcaithleyi2@examiner.com,Male,2003
11302,Malchy,Ramsay,mramsayi3@google.it,Male,1922
17837,Bel,Hobben,bhobbeni4@comsenz.com,Female,1994
17244,Dorice,Lenthall,dlenthalli5@posterous.com,Female,2003
19978,Shandeigh,Jaggar,sjaggari6@dell.com,Genderqueer,2010
16269,Prudy,Brittoner,pbrittoneri7@soup.io,Female,1944
13061,Hill,Eaklee,heakleei8@fc2.com,Male,1926
11366,Brett,Bartolomieu,bbartolomieui9@mlb.com,Female,1948
10239,Elmo,Pitson,epitsonia@oracle.com,Bigender,1936
19584,Rock,Chessell,rchessellib@rambler.ru,Genderqueer,1982
14123,Josi,Vasiliu,jvasiliuic@bizjournals.com,Female,1987
16261,Marcus,Poff,mpoffid@cbc.ca,Male,1971
14660,Lazarus,Driffill,ldriffillie@cyberchimps.com,Male,2007
12925,Davin,Tocque,dtocqueif@admin.ch,Male,1933
19303,Janie,Striker,jstrikerig@cornell.edu,Female,1948
19429,Laird,Mazzia,lmazziaih@reference.com,Male,1937
17325,Dex,McLugish,dmclugishii@washington.edu,Male,1938
19382,Guy,O'Sullivan,gosullivanij@tumblr.com,Male,1960
13998,Tailor,Spivey,tspiveyik@usnews.com,Male,1942
10040,Emmalynn,Mervyn,emervynil@ezinearticles.com,Female,1965
18504,Valentina,Gilphillan,vgilphillanim@wikispaces.com,Female,1923
16260,Desmond,Ledley,dledleyin@mayoclinic.com,Male,2008
11069,Wilfred,Cannavan,wcannavanio@icio.us,Male,2007
15878,Myrtie,Fortie,mfortieip@usnews.com,Genderqueer,2006
12913,Karoly,Brunicke,kbrunickeiq@latimes.com,Female,1989
19415,Ethan,Tipping,etippingir@hugedomains.com,Male,1957
19876,Holly-anne,Winckworth,hwinckworthis@wikimedia.org,Female,1950
11464,Renaud,Kettleson,rkettlesonit@npr.org,Male,1952
13026,Shell,Streatfeild,sstreatfeildiu@omniture.com,Female,1963
10598,Shantee,McCuffie,smccuffieiv@slate.com,Female,1922
12742,Serena,Wigfield,swigfieldiw@topsy.com,Female,1969
11647,Lynette,Franseco,lfransecoix@umn.edu,Female,1984
12002,Peadar,Kornacki,pkornackiiy@deliciousdays.com,Male,1962
12043,Annabela,Heberden,aheberdeniz@youku.com,Female,1977
19728,Buffy,Dutson,bdutsonj0@cornell.edu,Female,1925
12918,Skipper,Glander,sglanderj1@wunderground.com,Male,1959
17118,Jordanna,Prozescky,jprozesckyj2@wired.com,Female,1934
11617,Phineas,Bonifazio,pbonifazioj3@princeton.edu,Male,1930
14124,Keeley,Nielson,knielsonj4@reuters.com,Female,1981
11017,Lynnette,Castillon,lcastillonj5@google.co.jp,Female,1939
18044,Benoite,Camps,bcampsj6@altervista.org,Female,1927
17763,Russ,Wardale,rwardalej7@nature.com,Male,1994
12087,Erin,Chaffey,echaffeyj8@over-blog.com,Female,1993
12230,Ilse,Pattisson,ipattissonj9@ftc.gov,Female,1945
10937,Cathryn,McFarland,cmcfarlandja@odnoklassniki.ru,Female,1928
12876,Stevana,Guly,sgulyjb@ucoz.com,Female,1954
16895,Sarah,Bertelet,sberteletjc@ftc.gov,Female,1965
11157,Algernon,Caston,acastonjd@comsenz.com,Male,1944
13592,Raffarty,Pollok,rpollokje@amazon.com,Male,2007
16226,Lela,Gotcliffe,lgotcliffejf@dyndns.org,Female,1927
10063,Ann-marie,Pendock,apendockjg@google.pl,Non-binary,1940
15536,Gail,Eberz,geberzjh@lulu.com,Male,1980
11135,Brandy,Gulvin,bgulvinji@t.co,Male,1943
13483,Mariska,Henker,mhenkerjj@cam.ac.uk,Female,1985
10365,Tarrah,Baser,tbaserjk@woothemes.com,Female,1959
18551,Ceciley,Sutworth,csutworthjl@angelfire.com,Female,1958
13611,Cookie,Sillars,csillarsjm@instagram.com,Female,1964
11165,Jayson,Balmann,jbalmannjn@webeden.co.uk,Male,1944
11511,Porter,Mertin,pmertinjo@ycombinator.com,Male,1971
15818,Sky,Askin,saskinjp@topsy.com,Male,1929
19559,Lorettalorna,Tanguy,ltanguyjq@nba.com,Female,1965
15699,Nealson,Proby,nprobyjr@mayoclinic.com,Male,1940
15740,Corrinne,McElane,cmcelanejs@angelfire.com,Female,1993
14905,Ellene,Buttel,ebutteljt@cafepress.com,Female,1939
14707,Alva,Weins,aweinsju@smugmug.com,Male,2003
11958,Boy,Hourihan,bhourihanjv@wp.com,Male,1939
13252,Marian,Espy,mespyjw@angelfire.com,Female,2004
19606,Clemens,Leigh,cleighjx@freewebs.com,Male,1979
13504,Yves,Searles,ysearlesjy@furl.net,Male,1958
14468,Cassi,Willavoys,cwillavoysjz@mediafire.com,Genderqueer,1972
12030,Kathy,Dumphries,kdumphriesk0@cocolog-nifty.com,Female,1931
14962,Idalina,Blacktin,iblacktink1@theatlantic.com,Female,1941
17318,Eddy,Degoy,edegoyk2@sphinn.com,Male,1972
10894,Rolland,Coats,rcoatsk3@istockphoto.com,Genderfluid,1970
13662,Ignace,De Gouy,idegouyk4@t.co,Male,2001
15808,Fin,Muddimer,fmuddimerk5@wsj.com,Male,1954
16226,Cori,Vanderson,cvandersonk6@vinaora.com,Male,1988
18867,Bar,De La Salle,bdelasallek7@sciencedaily.com,Male,1956
14260,Jany,Waterhowse,jwaterhowsek8@china.com.cn,Female,1976
12539,Luis,Malim,lmalimk9@omniture.com,Male,1973
10343,Gawen,Dutch,gdutchka@ow.ly,Male,1955
15915,Carr,Andre,candrekb@jimdo.com,Agender,1959
13493,Yolanda,Piccop,ypiccopkc@wordpress.com,Female,2003
15740,Rachel,Josskowitz,rjosskowitzkd@tiny.cc,Female,1923
10648,Rice,Wickendon,rwickendonke@creativecommons.org,Male,1956
18886,Lanna,MacScherie,lmacscheriekf@gravatar.com,Female,1955
14585,Mayne,Bemwell,mbemwellkg@ehow.com,Genderqueer,1953
14301,Kasper,Elfitt,kelfittkh@chron.com,Male,1978
14811,Florentia,Micklem,fmicklemki@gov.uk,Female,1934
19543,Charles,Butteris,cbutteriskj@msu.edu,Male,1986
19210,Dotty,Pyson,dpysonkk@wikia.com,Bigender,1922
18561,Bendicty,Reaney,breaneykl@geocities.jp,Bigender,2009
16338,Mellicent,Jahns,mjahnskm@hp.com,Female,1992
14427,Iorgo,Bullerwell,ibullerwellkn@marriott.com,Male,1952
11652,Janis,Spry,jspryko@examiner.com,Female,1945
11243,Angela,Neave,aneavekp@nytimes.com,Female,1951
11088,Blair,Littrell,blittrellkq@cocolog-nifty.com,Female,1979
16567,Cull,Choffin,cchoffinkr@163.com,Male,1994
14203,Alvin,McClory,amccloryks@techcrunch.com,Male,1949
10643,Bobbie,Johns,bjohnskt@1688.com,Female,1982
12789,Sena,Gavini,sgaviniku@free.fr,Female,1993
18868,Tabbi,Hodcroft,thodcroftkv@prlog.org,Female,1940
18207,Gerrie,Kaspar,gkasparkw@over-blog.com,Female,1995
10200,Brook,Domenicone,bdomeniconekx@amazon.de,Polygender,1992
13938,Alfredo,Jackling,ajacklingky@facebook.com,Male,1986
19230,Guenna,Sandwith,gsandwithkz@salon.com,Female,1987
16264,Lissa,McAughtry,lmcaughtryl0@is.gd,Female,1960
14882,Cassey,Keays,ckeaysl1@drupal.org,Female,1964
16755,Sargent,Oldis,soldisl2@harvard.edu,Male,1937
15162,Ardeen,Ward,awardl3@aboutads.info,Female,2000
12724,Harper,Pettican,hpetticanl4@cargocollective.com,Male,2002
19341,Thurston,Warrillow,twarrillowl5@ucoz.ru,Male,2009
19325,Masha,Lowfill,mlowfilll6@opera.com,Female,2009
18874,Melissa,Bower,mbowerl7@pbs.org,Female,1955
14786,Filberte,Petrecz,fpetreczl8@google.nl,Male,1938
10007,Rosmunda,De Carlo,rdecarlol9@tinypic.com,Female,2002
17526,Adrian,Shayes,ashayesla@prweb.com,Female,1924
13698,Sydelle,Todarini,stodarinilb@google.cn,Female,1999
15766,Kippie,Marchiso,kmarchisolc@ox.ac.uk,Female,1958
11188,Justis,Koppes,jkoppesld@webs.com,Male,1989
12452,Martica,Cancutt,mcancuttle@ox.ac.uk,Female,2010
17242,Lina,Kitchener,lkitchenerlf@clickbank.net,Female,1998
17010,Oliver,Joseph,ojosephlg@wired.com,Male,1922
14408,Jordana,Gibling,jgiblinglh@sun.com,Agender,1937
15731,Clarinda,Challin,cchallinli@loc.gov,Female,1958
12060,Bathsheba,Lake,blakelj@ocn.ne.jp,Female,1927
12916,Portia,Dessaur,pdessaurlk@last.fm,Agender,1967
17487,Hy,Macguire,hmacguirell@trellian.com,Male,1976
15769,Connor,Nann,cnannlm@angelfire.com,Male,1978
18314,Dorothea,Gorstidge,dgorstidgeln@behance.net,Female,1928
11719,Damita,Shakle,dshaklelo@example.com,Female,1947
10577,Dehlia,Tye,dtyelp@desdev.cn,Female,1925
13105,Lanni,Basil,lbasillq@nhs.uk,Female,1961
16959,Fanya,Fitchen,ffitchenlr@studiopress.com,Female,1931
14867,Olly,Billingsly,obillingslyls@pen.io,Male,1959
14788,Hart,Cullity,hcullitylt@mysql.com,Male,1979
14566,Rand,Rainger,rraingerlu@miibeian.gov.cn,Male,1985
17254,Nicko,McCrillis,nmccrillislv@comcast.net,Male,2003
12255,Chadwick,Rude,crudelw@discovery.com,Male,1981
12707,Talia,Peteri,tpeterilx@seesaa.net,Genderqueer,1958
17885,Georgetta,Marmion,gmarmionly@wikipedia.org,Female,1990
14891,Tobie,Holby,tholbylz@blogger.com,Male,2002
11892,Muffin,Yoselevitch,myoselevitchm0@cnbc.com,Genderfluid,2004
17814,Bryn,Ludlem,bludlemm1@abc.net.au,Male,1934
13911,Madelin,Seeds,mseedsm2@odnoklassniki.ru,Female,1981
15235,Luke,Lamberteschi,llamberteschim3@ezinearticles.com,Male,1946
17484,Junia,Jenken,jjenkenm4@wiley.com,Female,1962
11205,Bernita,Haward,bhawardm5@moonfruit.com,Female,1957
16768,Wilfred,Raft,wraftm6@examiner.com,Male,1959
18329,Dorree,Rummins,drumminsm7@intel.com,Female,1981
15688,Gilburt,Trump,gtrumpm8@ebay.com,Male,1976
10241,Dionne,Allwright,dallwrightm9@psu.edu,Female,1987
12476,Hedvig,Perry,hperryma@discovery.com,Female,1995
12131,Tawsha,MacCaig,tmaccaigmb@sakura.ne.jp,Female,1960
10424,Jacki,Kleisle,jkleislemc@plala.or.jp,Female,2009
12542,Rorke,Roust,rroustmd@youtube.com,Male,1985
18454,Corabelle,Pickard,cpickardme@nature.com,Female,1995
16131,Lucio,Cheyne,lcheynemf@creativecommons.org,Male,1978
19340,Rowe,Alsford,ralsfordmg@jiathis.com,Female,1976
12946,Jasper,Monsey,jmonseymh@cmu.edu,Male,2004
12579,Welbie,Sabbatier,wsabbatiermi@google.es,Male,1985
19775,Shauna,Matthewman,smatthewmanmj@51.la,Female,1985
18348,Anetta,Wrenn,awrennmk@noaa.gov,Female,1946
10827,Evania,Yerrell,eyerrellml@addthis.com,Female,1942
10935,Cookie,Moyes,cmoyesmm@google.com.au,Female,1998
11794,Cahra,Waddell,cwaddellmn@elpais.com,Female,2009
19906,Mada,Woffenden,mwoffendenmo@unblog.fr,Female,1938
10067,Dorian,Kaine,dkainemp@ovh.net,Female,1995
17228,Kayne,Yousef,kyousefmq@abc.net.au,Male,1936
11205,Grantham,McManus,gmcmanusmr@sun.com,Male,1920
14157,Krissie,Eschalotte,keschalottems@istockphoto.com,Female,2002
17421,Jermain,Risbie,jrisbiemt@ox.ac.uk,Male,1998
10318,Patrizio,Aspel,paspelmu@smh.com.au,Male,1933
12078,Cristen,John,cjohnmv@yelp.com,Female,1923
11959,Matthieu,Pelos,mpelosmw@telegraph.co.uk,Male,1936
18572,Ado,Towhey,atowheymx@reference.com,Male,1946
18213,Thaddus,Harower,tharowermy@symantec.com,Male,1930
19730,Hartwell,Croisdall,hcroisdallmz@altervista.org,Male,1934
13577,Brenna,Andrich,bandrichn0@google.de,Female,1954
18075,Lanette,Juggings,ljuggingsn1@booking.com,Female,1983
18510,Liesa,Basford,lbasfordn2@furl.net,Female,1942
18607,Brandtr,Champe,bchampen3@utexas.edu,Male,1967
14600,Dorothea,Ceaser,dceasern4@nydailynews.com,Female,1993
14065,Ralph,Adam,radamn5@nationalgeographic.com,Male,1937
14477,Hector,Janusik,hjanusikn6@weebly.com,Male,1967
16785,Giavani,Awmack,gawmackn7@bing.com,Male,1971
14271,Eleanora,Windross,ewindrossn8@reverbnation.com,Agender,1943
17366,Michail,Brayshay,mbrayshayn9@umich.edu,Male,1925
18008,Jandy,Rhymer,jrhymerna@ebay.co.uk,Female,1984
19196,Maria,Shadrach,mshadrachnb@yellowbook.com,Female,1939
16152,Andree,Cudby,acudbync@vkontakte.ru,Female,1962
14156,Sibeal,Dobbie,sdobbiend@mail.ru,Female,1994
13402,Danell,Croote,dcrootene@cbsnews.com,Female,1941
10544,Jami,Rolf,jrolfnf@pcworld.com,Female,1953
15473,Antons,Burborough,aburboroughng@cargocollective.com,Male,1963
19911,Arie,Levay,alevaynh@telegraph.co.uk,Male,1996
17761,Husein,Cumberbatch,hcumberbatchni@paypal.com,Male,2004
18931,Godfrey,Gonin,ggoninnj@mozilla.org,Male,1931
19811,Courtney,Ingledew,cingledewnk@economist.com,Agender,1934
12991,Briney,Batterbee,bbatterbeenl@goodreads.com,Female,1975
14061,Emelda,Huyton,ehuytonnm@ihg.com,Female,1941
14810,Anabella,Tritton,atrittonnn@china.com.cn,Female,1992
11026,Kelcie,Craise,kcraiseno@huffingtonpost.com,Female,1936
12742,Dode,O' Concannon,doconcannonnp@squarespace.com,Female,1984
17239,Tabb,Moutray Read,tmoutrayreadnq@comsenz.com,Male,1968
12280,Debora,Dace,ddacenr@edublogs.org,Female,1999
14046,Joaquin,McMeyler,jmcmeylerns@jimdo.com,Male,1990
16474,Javier,Schultze,jschultzent@ocn.ne.jp,Male,1927
14690,Sheffield,Renzullo,srenzullonu@reuters.com,Male,1995
14250,Annmarie,Massimi,amassiminv@studiopress.com,Female,1979
18457,Lindy,Bampford,lbampfordnw@google.com.br,Male,1929
17444,Benjy,Bloy,bbloynx@opera.com,Male,1944
13460,Wilhelm,Browncey,wbrownceyny@hhs.gov,Male,1973
17712,Mildred,Kyrkeman,mkyrkemannz@dell.com,Female,1981
13009,Lyndell,Maylour,lmaylouro0@umich.edu,Female,1950
11601,Diena,Rodgier,drodgiero1@nih.gov,Female,1999
15963,Sig,Blowing,sblowingo2@jalbum.net,Male,1932
10210,Doroteya,Chadwell,dchadwello3@netvibes.com,Agender,1956
19727,Giorgio,Aslen,gasleno4@time.com,Male,1980
17062,Angelika,Kitchiner,akitchinero5@usa.gov,Female,1941
10628,Romola,Zebedee,rzebedeeo6@infoseek.co.jp,Female,1979
12498,Ronda,Conniam,rconniamo7@bing.com,Female,2006
16992,Bibbye,Jacke,bjackeo8@networksolutions.com,Female,1926
18465,Teddie,Dredge,tdredgeo9@youtu.be,Male,1921
17705,Pennie,Wearne,pwearneoa@1und1.de,Female,1930
12845,Janel,Tallant,jtallantob@wisc.edu,Agender,1928
15739,Magdalene,Davydochkin,mdavydochkinoc@sogou.com,Female,1927
12880,Noella,Gorcke,ngorckeod@yellowpages.com,Genderfluid,1955
18054,Mavra,Balmadier,mbalmadieroe@paypal.com,Female,1944
13079,Cathrine,Hasslocher,chasslocherof@opensource.org,Female,1930
19863,Humfried,Broy,hbroyog@netlog.com,Male,1979
10430,Cosetta,Phare,cphareoh@cdbaby.com,Female,1927
17258,Elisabeth,Slay,eslayoi@unblog.fr,Female,1955
19096,Natka,Mcettrick,nmcettrickoj@simplemachines.org,Female,1994
14791,Hugibert,Durnan,hdurnanok@angelfire.com,Male,2003
16969,Annaliese,Parkhouse,aparkhouseol@taobao.com,Female,1997
15682,Dallas,McPhillimey,dmcphillimeyom@google.co.jp,Female,1943
11955,Frans,Lerhinan,flerhinanon@msu.edu,Male,1983
16489,Cathrin,Werendell,cwerendelloo@mediafire.com,Female,1994
15827,Tomas,Grotty,tgrottyop@census.gov,Male,1930
17645,Ramonda,McQuode,rmcquodeoq@i2i.jp,Female,1972
15727,Roley,Peron,rperonor@accuweather.com,Male,2007
15651,Sandye,Breem,sbreemos@1und1.de,Female,1949
13750,Isobel,Paley,ipaleyot@goodreads.com,Female,1966
15995,Maure,Redmire,mredmireou@discuz.net,Female,1926
17463,Julia,Josipovic,jjosipovicov@domainmarket.com,Female,1963
16717,Damien,Coultard,dcoultardow@home.pl,Male,1996
19935,Percival,Shevlin,pshevlinox@reverbnation.com,Male,1972
10989,Grove,Deveril,gdeveriloy@eventbrite.com,Male,1983
16066,Alexis,Gerkens,agerkensoz@yandex.ru,Female,1990
11687,Chelsy,Andrivel,candrivelp0@ca.gov,Female,1970
14482,Carilyn,Strugnell,cstrugnellp1@reference.com,Female,1983
18514,Patrica,Dugdale,pdugdalep2@ning.com,Female,1944
12597,Zack,Advani,zadvanip3@tinypic.com,Male,1962
13715,Dwain,Thunder,dthunderp4@latimes.com,Male,1992
11937,Alvie,Filipczynski,afilipczynskip5@home.pl,Male,1933
16371,Gipsy,Theurer,gtheurerp6@economist.com,Female,2004
10717,Modestia,Ramsdell,mramsdellp7@themeforest.net,Female,1936
16338,Renee,Lafford,rlaffordp8@newsvine.com,Agender,1943
19709,Waldon,Snooks,wsnooksp9@furl.net,Male,1997
16024,Nikolas,Matous,nmatouspa@myspace.com,Male,1971
17265,Virge,Rowler,vrowlerpb@squarespace.com,Male,1941
16071,Madalena,Bowering,mboweringpc@fastcompany.com,Genderfluid,1980
18102,Nelson,Fleischmann,nfleischmannpd@wisc.edu,Male,2007
11812,Phillie,Ucchino,pucchinope@4shared.com,Female,1988
17727,Reggy,Jerrand,rjerrandpf@bluehost.com,Male,1928
18235,Ardene,Lainge,alaingepg@ameblo.jp,Female,2010
15076,Stacy,Stoddart,sstoddartph@fda.gov,Male,1929
12900,Aura,Lydiate,alydiatepi@vkontakte.ru,Female,1974
12818,Chloe,Siddele,csiddelepj@infoseek.co.jp,Female,1927
10798,Ardine,Palle,apallepk@nba.com,Female,1934
19781,Carmen,Kobierski,ckobierskipl@feedburner.com,Female,1966
11115,Andriana,O'Doireidh,aodoireidhpm@jimdo.com,Female,1995
17098,Deb,Thys,dthyspn@themeforest.net,Female,1986
12248,Eveleen,Ponder,eponderpo@patch.com,Female,1923
19228,Editha,Ray,eraypp@nytimes.com,Female,1973
15466,Aline,Carbry,acarbrypq@loc.gov,Female,1925
10650,Janeen,Gimert,jgimertpr@163.com,Female,1937
15264,Doralynne,Lamblot,dlamblotps@squarespace.com,Female,2005
19828,Denys,Faircloth,dfairclothpt@washington.edu,Male,1924
19661,Doralynne,Coit,dcoitpu@bravesites.com,Female,1956
14444,Josey,Judgkins,jjudgkinspv@irs.gov,Female,2000
14072,Britte,Fissenden,bfissendenpw@fda.gov,Female,1973
13357,Saundra,Godridge,sgodridgepx@delicious.com,Female,1977
15047,Johnnie,Carp,jcarppy@pagesperso-orange.fr,Male,1990
15517,Allyn,Bridgwood,abridgwoodpz@studiopress.com,Female,1938
19633,Alecia,Stanbridge,astanbridgeq0@e-recht24.de,Female,1957
15823,Clare,Jeeves,cjeevesq1@instagram.com,Female,2004
12403,Ashli,Steuart,asteuartq2@ameblo.jp,Female,1973
11806,Keefe,Asman,kasmanq3@pbs.org,Male,1977
11551,Harriette,Lambirth,hlambirthq4@go.com,Female,2000
15831,Bren,Critten,bcrittenq5@google.pl,Female,1976
12539,Vito,Tollemache,vtollemacheq6@icq.com,Male,2009
10990,Davon,Carse,dcarseq7@wordpress.org,Male,1959
17087,Heall,Kettle,hkettleq8@mysql.com,Male,1973
19682,Paulita,Roncelli,proncelliq9@ucoz.ru,Female,1948
14988,Delainey,Wellen,dwellenqa@odnoklassniki.ru,Male,1999
16835,Shurwood,Gobbet,sgobbetqb@e-recht24.de,Male,1921
12633,Abigael,Maidlow,amaidlowqc@surveymonkey.com,Polygender,1924
13690,Ricca,Kmiec,rkmiecqd@pbs.org,Female,1935
19546,Gawain,Cudbird,gcudbirdqe@gmpg.org,Genderqueer,1922
11115,Flossie,Birnie,fbirnieqf@bbc.co.uk,Female,1973
10529,Holt,Leyman,hleymanqg@fda.gov,Male,1931
10035,Lane,Le Fevre,llefevreqh@a8.net,Genderqueer,1950
16418,Langsdon,Skae,lskaeqi@unesco.org,Male,1951
16694,Agnese,Penhaleurack,apenhaleurackqj@posterous.com,Female,2007
19212,Ainsley,Phaup,aphaupqk@princeton.edu,Female,1999
11377,Perrine,Hayball,phayballql@i2i.jp,Female,1965
12146,Aida,McKeag,amckeagqm@abc.net.au,Female,1972
15371,Shamus,Dukelow,sdukelowqn@amazon.de,Male,1955
17403,Karla,Gabbatt,kgabbattqo@technorati.com,Female,1958
14204,Beck,Challace,bchallaceqp@google.com.hk,Male,2006
11127,Tallou,Warrell,twarrellqq@behance.net,Female,1958
12399,Ambrosius,Deesly,adeeslyqr@telegraph.co.uk,Male,1991
13899,Sharia,Mandrey,smandreyqs@jiathis.com,Female,1944
17586,Weider,Martschke,wmartschkeqt@uol.com.br,Male,1985
18920,Mahala,Kaygill,mkaygillqu@google.it,Female,1962
14431,Clem,Boulden,cbouldenqv@ocn.ne.jp,Female,1928
18163,Sinclair,Toghill,stoghillqw@tinypic.com,Male,1979
15181,Bryana,Crotch,bcrotchqx@tiny.cc,Female,1953
10596,Lucas,Bear,lbearqy@sourceforge.net,Male,1999
17956,Susi,Speake,sspeakeqz@nba.com,Female,1970
19481,Abdel,Rizzardi,arizzardir0@spiegel.de,Male,1999
14769,Stesha,Crampsy,scrampsyr1@meetup.com,Bigender,1970
17389,Cybil,Summersby,csummersbyr2@purevolume.com,Female,1954
10733,Melina,Beagin,mbeaginr3@instagram.com,Female,1965
17707,Collette,Tuite,ctuiter4@vkontakte.ru,Female,1941
18202,Leesa,MacIlhagga,lmacilhaggar5@google.ca,Female,1963
17370,Margareta,Petschelt,mpetscheltr6@dropbox.com,Female,1943
10170,Kimberly,Tilliards,ktilliardsr7@acquirethisname.com,Female,1979
19701,Wakefield,Parkhouse,wparkhouser8@phoca.cz,Male,1929
10876,Quentin,Palomba,qpalombar9@about.com,Male,1947
19331,Ward,Sadler,wsadlerra@fastcompany.com,Male,1997
18318,Evonne,Heinl,eheinlrb@paginegialle.it,Female,1974
17013,Ashton,Jowitt,ajowittrc@webmd.com,Male,2004
12926,Abner,Colcomb,acolcombrd@creativecommons.org,Male,1980
11074,Gerard,Quarry,gquarryre@mysql.com,Male,1981
16569,Read,Annetts,rannettsrf@boston.com,Male,1950
11220,Gracie,Saenz,gsaenzrg@cbslocal.com,Female,2007
17324,Mandi,Boome,mboomerh@etsy.com,Agender,2001
11066,Fabiano,Barck,fbarckri@tripadvisor.com,Male,1946
17827,Northrop,Baccas,nbaccasrj@gov.uk,Male,1947
15552,Dimitri,Cargill,dcargillrk@thetimes.co.uk,Male,1932
13554,Pippa,Housbie,phousbierl@nbcnews.com,Female,1927
18920,Vernice,Duguid,vduguidrm@creativecommons.org,Female,1955
15792,Merlina,Boas,mboasrn@technorati.com,Female,1950
19286,Easter,Lenton,elentonro@yellowbook.com,Female,1969
14280,Jere,Malletratt,jmalletrattrp@jimdo.com,Female,1948
18439,Lianne,Moodey,lmoodeyrq@google.com.hk,Female,1964
10137,Ema,Wermerling,ewermerlingrr@latimes.com,Female,2000
