library_card_id,first_name,last_name,email,gender,birth_year
40694,Raynell,Dantesia,rdantesia0@bigcartel.com,Female,2008
40924,Ashley,Koppel,akoppel1@skyrock.com,Female,1974
46709,Parke,McCourtie,pmccourtie2@creativecommons.org,Male,1942
41356,Esdras,Briskey,ebriskey3@1688.com,Male,1939
43230,Flo,Kave,fkave4@sun.com,Female,2008
41980,Paddy,Kinsella,pkinsella5@gmpg.org,Male,1951
43153,Basilius,Lockitt,blockitt6@gov.uk,Male,2004
43354,Lorrie,Jeandet,ljeandet7@reference.com,Male,1963
49369,Allard,Mancell,amancell8@ibm.com,Male,1935
46918,Mellisent,Ellyatt,mellyatt9@washington.edu,Female,1989
45286,Harper,Whelpton,hwhelptona@omniture.com,Male,1952
49945,Vivi,Walding,vwaldingb@privacy.gov.au,Agender,1999
40783,Wolfgang,Harvatt,wharvattc@bizjournals.com,Male,1947
48404,Marla,Severns,msevernsd@domainmarket.com,Female,1973
46829,Malory,Natwick,mnatwicke@cnet.com,Female,1951
49093,Beauregard,Keller,bkellerf@bravesites.com,Male,1969
40807,Madonna,La Croce,mlacroceg@yahoo.co.jp,Female,1980
40097,Bryanty,Adelsberg,badelsbergh@microsoft.com,Genderfluid,1960
40453,Darsie,Annable,dannablei@indiegogo.com,Female,1985
43409,Huntington,Southworth,hsouthworthj@bloomberg.com,Male,1990
41884,Wakefield,Wrack,wwrackk@archive.org,Male,1949
49078,Cedric,Prout,cproutl@slashdot.org,Male,1940
43550,Colly,Lalor,clalorm@gravatar.com,Female,1920
43066,Alia,Fishly,afishlyn@jigsy.com,Female,1979
41113,Rex,Nutten,rnutteno@wikimedia.org,Male,1972
40008,Cele,Reynold,creynoldp@a8.net,Female,1935
42503,Noam,Balden,nbaldenq@salon.com,Male,1930
43059,Poul,Denness,pdennessr@tiny.cc,Male,1957
49187,Val,Tizzard,vtizzards@cnbc.com,Male,1965
48626,Elysha,Melonby,emelonbyt@ovh.net,Female,1994
46876,Orsola,Jain,ojainu@ycombinator.com,Female,1987
43757,Roma,Battrick,rbattrickv@webnode.com,Male,1977
42159,Janelle,Prime,jprimew@edublogs.org,Female,1980
44114,Zebulon,Koeppe,zkoeppex@blog.com,Male,1956
45342,Karoline,Lehemann,klehemanny@bloomberg.com,Female,1961
40285,Clio,Giannassi,cgiannassiz@github.com,Female,1933
45544,Dunn,Simmons,dsimmons10@imdb.com,Male,1977
44452,Tymon,Erasmus,terasmus11@spiegel.de,Male,1920
47133,Virgie,De Fries,vdefries12@mapy.cz,Agender,1946
46318,Lynnette,Skelhorne,lskelhorne13@cbslocal.com,Female,1957
48794,Whitney,Cosh,wcosh14@sogou.com,Female,2009
40461,Nikolas,Ballentime,nballentime15@is.gd,Male,1988
43484,Chadd,Tanton,ctanton16@surveymonkey.com,Male,1939
41168,Anet,Wiggam,awiggam17@163.com,Female,1956
41734,Pen,Wolland,pwolland18@1688.com,Male,2001
49772,Frans,July,fjuly19@angelfire.com,Male,1998
43927,Marten,Regi,mregi1a@home.pl,Male,1958
47877,Frederica,Mathie,fmathie1b@oakley.com,Female,1990
49813,Leland,Johansen,ljohansen1c@bravesites.com,Male,1928
43674,Catherin,Blackall,cblackall1d@istockphoto.com,Female,1982
40090,Linnie,Bravington,lbravington1e@mtv.com,Female,1983
47555,Daniela,Burkwood,dburkwood1f@godaddy.com,Non-binary,1942
47286,Fancy,Morde,fmorde1g@yandex.ru,Polygender,1992
48943,Ferne,Doel,fdoel1h@ucla.edu,Female,1981
44722,Annelise,Gercke,agercke1i@themeforest.net,Female,1924
42867,Elbert,Woodford,ewoodford1j@cnbc.com,Male,1952
44986,Alix,Rubertis,arubertis1k@cpanel.net,Male,1958
41383,Virginie,Truelock,vtruelock1l@geocities.com,Female,1936
48830,Cassie,Stoffler,cstoffler1m@google.co.jp,Male,1935
45997,Romonda,Keener,rkeener1n@sourceforge.net,Female,1930
44051,Clarine,Tewkesberrie,ctewkesberrie1o@mtv.com,Female,1933
45518,Clair,MacConnulty,cmacconnulty1p@g.co,Female,1969
41007,Eddy,Warlawe,ewarlawe1q@mysql.com,Female,1969
47949,Marta,Walmsley,mwalmsley1r@lycos.com,Female,1996
49088,Taber,Abbets,tabbets1s@sohu.com,Genderqueer,1921
46973,Rhodie,Havoc,rhavoc1t@blog.com,Female,2006
45189,Tymothy,Kruschov,tkruschov1u@mediafire.com,Male,2000
41300,Ainslee,Nappin,anappin1v@deviantart.com,Agender,1952
45099,Yasmin,Maddigan,ymaddigan1w@diigo.com,Female,1958
43610,Andonis,Willmott,awillmott1x@apple.com,Male,1943
47324,Manfred,McCowan,mmccowan1y@geocities.com,Male,1966
44190,Flore,Rankcom,frankcom1z@berkeley.edu,Female,1948
49342,Bevvy,MacCleay,bmaccleay20@google.cn,Female,1946
44258,Hew,Chaffyn,hchaffyn21@indiatimes.com,Male,1937
43161,Colas,Kliner,ckliner22@goo.gl,Male,1977
44123,Job,Munden,jmunden23@surveymonkey.com,Male,2002
48088,Brigg,Evequot,bevequot24@mysql.com,Male,2005
42063,Marybelle,Culligan,mculligan25@stumbleupon.com,Female,1946
45393,Bonny,Pitrelli,bpitrelli26@biglobe.ne.jp,Female,1926
44060,Kristel,McInility,kmcinility27@prlog.org,Female,1940
48132,Marybeth,Martinie,mmartinie28@lycos.com,Female,1966
46603,Deanne,Mithan,dmithan29@canalblog.com,Female,1951
44809,Mendel,Blown,mblown2a@vinaora.com,Male,1966
42949,Cherri,Bromehed,cbromehed2b@acquirethisname.com,Female,1968
48240,Anette,Conrart,aconrart2c@trellian.com,Female,1963
48018,Hubey,Pedrazzi,hpedrazzi2d@mail.ru,Male,1932
49125,Giraldo,Gwioneth,ggwioneth2e@google.nl,Male,1979
40141,Devinne,Gabler,dgabler2f@ning.com,Female,1938
45331,Sammy,Thormann,sthormann2g@ox.ac.uk,Female,1954
42281,Rube,Greatorex,rgreatorex2h@amazon.co.jp,Male,1927
48812,Myrah,Vassman,mvassman2i@virginia.edu,Female,1991
42411,Keefer,Goodhew,kgoodhew2j@blogtalkradio.com,Male,1940
41455,Bogart,Bordis,bbordis2k@fda.gov,Male,1998
47668,Silvano,Mableson,smableson2l@simplemachines.org,Male,1989
41679,Catherine,Eddins,ceddins2m@comsenz.com,Female,1944
49823,Lyndsey,Filler,lfiller2n@google.fr,Female,1929
43182,Spence,Artrick,sartrick2o@upenn.edu,Bigender,2005
49146,Nickey,Charnick,ncharnick2p@opensource.org,Male,1995
46763,Miguel,Berkelay,mberkelay2q@topsy.com,Male,1966
41719,Cristian,Yezafovich,cyezafovich2r@tripod.com,Male,1988
46546,Francine,Pahl,fpahl2s@ocn.ne.jp,Female,1958
45568,Imojean,Wison,iwison2t@princeton.edu,Female,1953
40401,Arlyne,Giraudot,agiraudot2u@cnn.com,Female,1972
43735,Antonius,Dabel,adabel2v@cbc.ca,Male,1968
42832,Vannie,Vaudrey,vvaudrey2w@studiopress.com,Female,1990
48721,Almira,Calderon,acalderon2x@discuz.net,Female,1935
41088,Westley,Nelthorpe,wnelthorpe2y@theguardian.com,Male,1995
46847,Barret,Coon,bcoon2z@ning.com,Male,1985
45101,Abie,Rosengren,arosengren30@youtube.com,Male,1932
45091,Sheffy,Hughf,shughf31@samsung.com,Male,2005
40049,Fair,Duffet,fduffet32@businesswire.com,Male,1934
42151,Michele,Roberto,mroberto33@cisco.com,Agender,1923
44336,Noam,Wishkar,nwishkar34@dailymotion.com,Male,1980
40773,Spence,Duham,sduham35@sun.com,Male,1960
44693,Ryley,Blakeney,rblakeney36@ca.gov,Male,1923
46767,Klemens,Macconaghy,kmacconaghy37@ihg.com,Male,1923
42630,Rosette,Woolaghan,rwoolaghan38@reddit.com,Female,1946
43563,Pete,Kertess,pkertess39@hc360.com,Male,1977
46444,Carolin,Tulip,ctulip3a@delicious.com,Female,1927
40031,Sibyl,Thompson,sthompson3b@cloudflare.com,Female,1963
42092,Quint,Lockner,qlockner3c@webeden.co.uk,Male,1948
43223,Rosabella,Pottage,rpottage3d@bloomberg.com,Non-binary,2003
49999,Rochella,Parlott,rparlott3e@wunderground.com,Female,1933
46578,Maddalena,Izat,mizat3f@plala.or.jp,Female,2006
42190,Ingra,Flippelli,iflippelli3g@techcrunch.com,Male,1980
46179,Shannon,Luthwood,sluthwood3h@issuu.com,Male,1934
45361,Charlie,Blas,cblas3i@foxnews.com,Male,1973
42032,Sharon,Tower,stower3j@merriam-webster.com,Female,1957
40106,Jessey,Ashcroft,jashcroft3k@skyrock.com,Male,1999
46981,Clint,Karim,ckarim3l@sogou.com,Male,1997
45781,Lowell,Boultwood,lboultwood3m@hp.com,Male,2008
40065,Angelo,Haborn,ahaborn3n@goo.gl,Male,1962
41682,Merrili,Manz,mmanz3o@spotify.com,Female,1998
41773,Thedrick,Tabb,ttabb3p@altervista.org,Male,1986
44103,Birch,Goss,bgoss3q@dmoz.org,Male,1955
44285,Tammie,Sherland,tsherland3r@ucoz.ru,Genderqueer,1974
47141,Louie,Vlasenko,lvlasenko3s@hubpages.com,Male,1927
47282,Lorenza,Keenlyside,lkeenlyside3t@examiner.com,Female,1978
42214,Stafani,Thornton,sthornton3u@narod.ru,Agender,1997
43791,Cinda,Tewkesbury.,ctewkesbury3v@infoseek.co.jp,Female,1929
45693,Carry,Abrehart,cabrehart3w@pagesperso-orange.fr,Female,1921
41277,Hillier,Layzell,hlayzell3x@newsvine.com,Male,1946
45830,Irene,Ible,iible3y@buzzfeed.com,Female,2010
44299,Cherida,McManamon,cmcmanamon3z@rediff.com,Female,1964
44074,Garvin,Lotze,glotze40@google.com.hk,Male,1990
41295,Sargent,Cramb,scramb41@kickstarter.com,Male,1956
45683,Bartolomeo,Dono,bdono42@wordpress.org,Male,1922
40963,Timothy,Edwicker,tedwicker43@trellian.com,Male,1945
41568,Phylys,Hounson,phounson44@chronoengine.com,Female,1938
42346,Anders,Stoppard,astoppard45@accuweather.com,Male,1946
48892,Vania,Copping,vcopping46@nature.com,Female,2010
48325,Rhody,Jimmison,rjimmison47@wp.com,Female,1932
46807,Sandor,Boulter,sboulter48@squarespace.com,Male,1997
45380,Jethro,Bromhead,jbromhead49@drupal.org,Male,1955
41413,Dorine,Yeudall,dyeudall4a@goodreads.com,Genderfluid,1975
42099,Orella,Eagle,oeagle4b@comsenz.com,Female,1935
42052,Noach,Boyland,nboyland4c@csmonitor.com,Male,1950
48030,Cathrin,O'Glessane,coglessane4d@webs.com,Female,1921
46332,Bili,Loveredge,bloveredge4e@cmu.edu,Female,1975
46199,Antonin,Biaggetti,abiaggetti4f@businesswire.com,Male,1939
42596,Reggy,Proschek,rproschek4g@alibaba.com,Genderfluid,1990
46684,Danyette,Morforth,dmorforth4h@nature.com,Female,1940
48504,Angelle,Sparling,asparling4i@amazon.co.uk,Female,1951
48614,Flynn,Cicconettii,fcicconettii4j@phpbb.com,Male,1937
43257,Kent,Toten,ktoten4k@amazon.de,Male,1932
41325,Marshall,Glaze,mglaze4l@moonfruit.com,Male,1943
48405,Gaelan,O'Luney,goluney4m@ifeng.com,Male,1942
42191,Leslie,Bridgement,lbridgement4n@bloglines.com,Male,1944
48197,Kelcy,Elleray,kelleray4o@odnoklassniki.ru,Bigender,1947
48208,Marina,Burborough,mburborough4p@imdb.com,Female,1965
46206,Hollis,Trayte,htrayte4q@slate.com,Male,1962
49482,Shepperd,Gland,sgland4r@netlog.com,Male,1993
46424,Britney,Jeffs,bjeffs4s@cdbaby.com,Female,1998
44998,Port,Castagna,pcastagna4t@wunderground.com,Male,2007
49163,Nicky,Mewburn,nmewburn4u@indiatimes.com,Male,1995
44686,Gwenora,Gange,ggange4v@twitter.com,Female,1943
42069,Edita,Newnham,enewnham4w@google.es,Female,1931
49059,Lindsey,Lamort,llamort4x@storify.com,Female,1988
41940,Nathanil,Morfett,nmorfett4y@forbes.com,Male,1941
48242,Piggy,Husbands,phusbands4z@dyndns.org,Male,2006
43290,Vassili,Clemitt,vclemitt50@dion.ne.jp,Male,1974
49537,Edan,Luc,eluc51@scientificamerican.com,Male,2005
44452,Valentino,Trengrouse,vtrengrouse52@amazon.com,Male,1956
40084,Maribelle,Lanchberry,mlanchberry53@dailymail.co.uk,Female,1958
45453,Myra,Waggett,mwaggett54@timesonline.co.uk,Female,1942
44518,Rafferty,Mabee,rmabee55@nytimes.com,Male,2005
45162,Ev,Uvedale,euvedale56@yandex.ru,Male,1985
46246,Nike,Scamerden,nscamerden57@phoca.cz,Female,1982
41384,Adina,Smitton,asmitton58@phoca.cz,Genderqueer,1928
48301,Farlee,Cogan,fcogan59@photobucket.com,Male,1995
43446,Rudy,Hazeldene,rhazeldene5a@oaic.gov.au,Male,1940
47200,Daniela,Huleatt,dhuleatt5b@ocn.ne.jp,Female,1952
45950,Skippy,Lagen,slagen5c@foxnews.com,Male,1949
49825,Cole,Arnold,carnold5d@cloudflare.com,Male,2008
43538,Chilton,Record,crecord5e@usa.gov,Male,1943
40532,Tricia,Gethouse,tgethouse5f@homestead.com,Female,2010
42259,Zita,Sayton,zsayton5g@vkontakte.ru,Female,1954
45287,Hamilton,Silverthorn,hsilverthorn5h@google.com,Male,1998
41537,Levon,Simeoni,lsimeoni5i@cdc.gov,Male,1928
40264,Grazia,Lilbourne,glilbourne5j@google.cn,Genderfluid,1948
42594,Karina,MacBean,kmacbean5k@nydailynews.com,Female,1942
49753,Nathan,Heakins,nheakins5l@state.tx.us,Male,1954
49791,Lorne,Blondel,lblondel5m@delicious.com,Male,1977
44367,Gusella,Dannatt,gdannatt5n@hugedomains.com,Female,1953
40473,Welch,Deveril,wdeveril5o@altervista.org,Male,1971
40548,Raynard,MacCulloch,rmacculloch5p@jimdo.com,Male,1971
47112,Jamill,Pinney,jpinney5q@earthlink.net,Male,1988
40409,Amos,Keelan,akeelan5r@yellowbook.com,Male,1957
48980,Jorge,Pellitt,jpellitt5s@microsoft.com,Male,1982
48067,Jud,Gaskin,jgaskin5t@archive.org,Male,1933
46787,Hamid,Perot,hperot5u@de.vu,Agender,1927
47175,Vernor,Lowrance,vlowrance5v@amazon.de,Genderqueer,1997
40671,Hamel,Radbond,hradbond5w@washington.edu,Male,2009
45329,Timi,Berkowitz,tberkowitz5x@posterous.com,Female,1969
40415,Lucienne,Antonescu,lantonescu5y@taobao.com,Female,1964
40141,Guinevere,Betty,gbetty5z@rediff.com,Female,2008
48054,Jonah,Olijve,jolijve60@facebook.com,Male,1995
45030,Milissent,Kurt,mkurt61@upenn.edu,Female,1934
46717,Gussi,Shmyr,gshmyr62@globo.com,Female,1970
49859,Moshe,O'Flannery,moflannery63@gnu.org,Male,1993
44305,Demetrius,O'Cannovane,docannovane64@wired.com,Male,1944
41766,Erminie,Clace,eclace65@mashable.com,Female,2005
45394,Beulah,Piotr,bpiotr66@princeton.edu,Female,1961
48635,Audre,Sackey,asackey67@tiny.cc,Female,2005
43636,Karol,Seeney,kseeney68@arizona.edu,Female,1947
45240,Grissel,Mundow,gmundow69@usa.gov,Female,1984
48410,Athena,Lankford,alankford6a@prlog.org,Female,1997
48392,Sven,Jarmain,sjarmain6b@msu.edu,Male,2001
48645,Anett,Wyson,awyson6c@craigslist.org,Female,2000
48623,Claudine,Muff,cmuff6d@tinypic.com,Female,1930
45176,Kirk,Kupec,kkupec6e@printfriendly.com,Male,2009
40357,Truman,Sumnall,tsumnall6f@accuweather.com,Genderqueer,1973
47592,Nev,Jeromson,njeromson6g@php.net,Male,1971
49691,Reider,Fife,rfife6h@xing.com,Male,1957
46330,Crawford,Richin,crichin6i@artisteer.com,Male,2010
45679,Ase,Niese,aniese6j@cmu.edu,Male,1979
48388,Silvana,Haggar,shaggar6k@marketwatch.com,Female,1973
48013,Dillon,Tarry,dtarry6l@tripod.com,Male,1980
46394,Jarrad,Guynemer,jguynemer6m@instagram.com,Genderfluid,1979
46678,Ruthy,Welbeck,rwelbeck6n@lulu.com,Female,1922
41249,Westbrook,Fannin,wfannin6o@amazonaws.com,Male,1997
48800,Jesse,Gathercole,jgathercole6p@huffingtonpost.com,Female,1945
45580,Lauraine,Pring,lpring6q@friendfeed.com,Female,1926
48736,Emmery,Caldera,ecaldera6r@nationalgeographic.com,Polygender,2007
45845,Jamill,Meade,jmeade6s@sina.com.cn,Genderqueer,1944
41677,Kathryn,Busfield,kbusfield6t@ocn.ne.jp,Female,1953
42766,Douglas,Rodinger,drodinger6u@weather.com,Male,1952
41127,Cosme,Stammler,cstammler6v@si.edu,Male,1924
46237,Hewett,Schuelcke,hschuelcke6w@a8.net,Male,1987
40897,Corbet,Woliter,cwoliter6x@timesonline.co.uk,Male,1994
44245,Franciskus,Wetherald,fwetherald6y@gov.uk,Male,1989
47525,Hanson,Philippou,hphilippou6z@uol.com.br,Male,1981
46575,Errick,Elletson,eelletson70@jiathis.com,Male,1990
46236,Richmound,Boribal,rboribal71@chicagotribune.com,Male,1931
46209,Elane,Farny,efarny72@boston.com,Female,1939
47734,Barnie,Llewhellin,bllewhellin73@flickr.com,Male,1961
43214,Florette,Kondratowicz,fkondratowicz74@clickbank.net,Female,1926
43095,Normie,McConville,nmcconville75@smugmug.com,Bigender,2002
40666,Ford,Strain,fstrain76@parallels.com,Male,1951
44714,Pietrek,Langworthy,plangworthy77@tuttocitta.it,Male,1960
40309,Shaughn,Killerby,skillerby78@springer.com,Male,1942
40825,Weber,Moorcroft,wmoorcroft79@cbc.ca,Male,1968
44492,Taryn,Mollon,tmollon7a@europa.eu,Female,2006
40650,Winn,Burleigh,wburleigh7b@photobucket.com,Male,2001
42487,Romy,Darko,rdarko7c@ucsd.edu,Agender,1933
45693,Alanah,Outhwaite,aouthwaite7d@dropbox.com,Female,1988
41314,Lucie,Beushaw,lbeushaw7e@imgur.com,Female,1957
48470,Christalle,Weatherhill,cweatherhill7f@ehow.com,Female,1988
40883,Scarlett,Pettingall,spettingall7g@sitemeter.com,Female,2001
40725,Catherina,McNickle,cmcnickle7h@ca.gov,Female,1924
44999,Riccardo,Creer,rcreer7i@paginegialle.it,Male,1980
45652,Bo,Dolan,bdolan7j@nytimes.com,Male,2000
48035,Ben,Piotrkowski,bpiotrkowski7k@uiuc.edu,Male,1938
48285,Valentine,Cinderey,vcinderey7l@google.cn,Female,2004
40269,See,Ackroyd,sackroyd7m@mapy.cz,Male,2009
46381,Fenelia,Trusty,ftrusty7n@moonfruit.com,Female,1965
40340,Tedd,Letteresse,tletteresse7o@uol.com.br,Male,1941
42104,Fairleigh,Probert,fprobert7p@people.com.cn,Male,1948
45323,Jeanna,Van der Merwe,jvandermerwe7q@ucoz.ru,Female,1928
43768,Frasco,Wattins,fwattins7r@yandex.ru,Male,1944
41518,Demetris,Robker,drobker7s@zimbio.com,Agender,1999
41354,Henderson,Kuhnert,hkuhnert7t@yellowbook.com,Male,1987
49537,Lorettalorna,Greenhow,lgreenhow7u@ebay.co.uk,Female,1953
47134,Kimberley,Blare,kblare7v@uol.com.br,Female,2008
42813,Halette,Sandwick,hsandwick7w@slideshare.net,Female,1988
45985,Marty,Gehrels,mgehrels7x@posterous.com,Male,1995
47017,Dorena,Antognelli,dantognelli7y@vinaora.com,Female,1982
45504,Pauly,Rosita,prosita7z@sourceforge.net,Female,1929
40682,Brooke,Stormont,bstormont80@flickr.com,Female,1988
46699,Dorry,Habben,dhabben81@oakley.com,Female,2003
45877,Rudolph,Domerq,rdomerq82@google.com.br,Male,1983
49344,Sidonia,Cornwall,scornwall83@state.tx.us,Female,1986
40716,Lance,Tack,ltack84@vkontakte.ru,Non-binary,1932
46930,Pace,O'Dennehy,podennehy85@ycombinator.com,Male,1934
40279,Cornelle,Downton,cdownton86@cbslocal.com,Female,1990
47031,Esther,O'Kinneally,eokinneally87@cdc.gov,Female,1984
41238,Germain,Rawle,grawle88@blogs.com,Female,1922
43038,Niel,Craighill,ncraighill89@omniture.com,Male,1992
40020,Vern,Stegel,vstegel8a@icq.com,Male,1999
43990,Preston,Attac,pattac8b@psu.edu,Male,1972
45076,Earl,Bowker,ebowker8c@usatoday.com,Male,1993
41647,Lucille,Yurenin,lyurenin8d@tumblr.com,Female,1960
49067,Alexandr,Ozanne,aozanne8e@eventbrite.com,Male,1987
40388,Farley,Noel,fnoel8f@geocities.jp,Male,1964
46961,Kristi,Bruni,kbruni8g@nhs.uk,Female,1985
48481,Drona,Stollen,dstollen8h@msn.com,Female,1995
43149,Jabez,Moorerud,jmoorerud8i@alibaba.com,Male,1988
40104,Cleon,Kettley,ckettley8j@istockphoto.com,Male,1997
40269,Odille,Hoxey,ohoxey8k@blogtalkradio.com,Female,1935
46660,Garrot,Gallego,ggallego8l@reddit.com,Male,1955
43956,Jazmin,Brockman,jbrockman8m@skyrock.com,Female,1983
42125,Mic,Blessed,mblessed8n@yandex.ru,Male,1947
46196,Dode,Doret,ddoret8o@themeforest.net,Female,1933
49280,Haydon,Aldie,haldie8p@lycos.com,Male,1930
48449,Tiler,Callery,tcallery8q@wikipedia.org,Male,1948
42452,Tonnie,Ashdown,tashdown8r@google.co.uk,Male,1944
42199,Stavro,Tenwick,stenwick8s@hostgator.com,Agender,2003
48486,Mariele,Weal,mweal8t@devhub.com,Female,1924
41394,Christos,Escudier,cescudier8u@ycombinator.com,Genderqueer,1957
49692,Terrell,Oventon,toventon8v@tripadvisor.com,Bigender,1972
49711,Kaine,Guyonnet,kguyonnet8w@washington.edu,Male,1924
43333,Brooke,Haydon,bhaydon8x@nhs.uk,Male,1941
48585,Bryant,Bramelt,bbramelt8y@cbslocal.com,Non-binary,1929
41324,Adolph,Messer,amesser8z@dailymail.co.uk,Male,1960
45061,Elva,Grzelczak,egrzelczak90@dell.com,Female,1993
46162,Finlay,Beresfore,fberesfore91@blog.com,Male,1972
41165,Ebenezer,Dickinson,edickinson92@sina.com.cn,Male,1990
44603,Janetta,Donson,jdonson93@angelfire.com,Female,1977
49671,Rosetta,Scupham,rscupham94@geocities.jp,Female,1941
49583,Cassius,Forbes,cforbes95@issuu.com,Male,1969
40212,Rikki,Anstis,ranstis96@springer.com,Female,1932
48744,Josh,Peffer,jpeffer97@microsoft.com,Male,2002
48003,Berny,Sprade,bsprade98@fda.gov,Polygender,1984
44061,Brandais,Bevan,bbevan99@myspace.com,Female,2003
40315,Stormy,Croisier,scroisier9a@posterous.com,Female,1979
42256,Abra,Brimman,abrimman9b@intel.com,Female,1948
44456,Lexine,O'Beirne,lobeirne9c@google.com.br,Female,1922
47143,Willy,Murtimer,wmurtimer9d@storify.com,Male,1920
47388,Eleonora,Helix,ehelix9e@twitpic.com,Female,1955
47725,Rae,Polsin,rpolsin9f@huffingtonpost.com,Female,1998
48653,Dorette,Lerohan,dlerohan9g@arstechnica.com,Female,2010
49363,Yves,Harbert,yharbert9h@chicagotribune.com,Male,1982
41294,Pinchas,Iacomelli,piacomelli9i@hp.com,Male,1935
40763,Niko,Becconsall,nbecconsall9j@hc360.com,Male,1971
47119,Emmy,Capineer,ecapineer9k@google.com.hk,Female,1942
45618,Farica,Dennison,fdennison9l@who.int,Female,1979
43731,Ginevra,Woolrich,gwoolrich9m@shutterfly.com,Female,1942
43064,Otes,Carle,ocarle9n@weebly.com,Male,1954
47838,Kakalina,Rawson,krawson9o@eepurl.com,Female,1998
46719,Arleen,Dallyn,adallyn9p@mysql.com,Female,1992
47520,Dewitt,Escolme,descolme9q@uol.com.br,Male,1953
47305,Flynn,Flowith,fflowith9r@baidu.com,Male,1941
40645,Rosamond,Augustus,raugustus9s@nih.gov,Female,1930
43763,Edwina,Ewols,eewols9t@ucoz.ru,Female,1980
48830,Nance,Vidineev,nvidineev9u@ustream.tv,Female,1934
46707,Gordie,Antalffy,gantalffy9v@wunderground.com,Male,1945
42148,Borden,Paterson,bpaterson9w@si.edu,Male,1947
48957,Aldous,Nutt,anutt9x@google.cn,Male,2010
49254,Christabel,Landor,clandor9y@4shared.com,Female,2007
41340,Maurice,Creek,mcreek9z@gizmodo.com,Male,1974
48249,Ellery,O'Connor,eoconnora0@latimes.com,Male,1974
49073,Antone,Vobes,avobesa1@altervista.org,Male,1928
44976,Conchita,De Francisci,cdefranciscia2@webmd.com,Female,2008
48308,Rancell,Mountain,rmountaina3@ebay.com,Male,1936
44323,Brandy,Biesterfeld,bbiesterfelda4@admin.ch,Female,1987
49194,Conrade,Feldmark,cfeldmarka5@tmall.com,Male,1998
46883,Darbee,Newe,dnewea6@unc.edu,Male,1988
40516,Dode,Riggert,driggerta7@constantcontact.com,Female,1985
44238,Wilie,Dubber,wdubbera8@1und1.de,Agender,1982
40536,Archibaldo,Baldree,abaldreea9@home.pl,Male,1951
44716,Maurice,Urridge,murridgeaa@senate.gov,Male,1981
40451,Deva,Albro,dalbroab@canalblog.com,Female,1964
46394,Eduard,Quilter,equilterac@purevolume.com,Male,1920
40186,Nelie,Fourmy,nfourmyad@blog.com,Female,2001
43266,Dana,Reynold,dreynoldae@bbc.co.uk,Female,1972
46574,Dalenna,Wittey,dwitteyaf@umich.edu,Female,1942
43708,Hobie,Vasilmanov,hvasilmanovag@bravesites.com,Male,2004
47996,Berni,Jouandet,bjouandetah@bbb.org,Female,1993
43593,Gisele,Edmott,gedmottai@php.net,Polygender,1921
48500,Elva,Cluet,ecluetaj@eepurl.com,Female,1972
43499,Doreen,Ovid,dovidak@wired.com,Female,1927
44695,Betti,Scates,bscatesal@elegantthemes.com,Female,2003
47150,Barton,Schwander,bschwanderam@mashable.com,Male,1978
49077,Carmon,Speak,cspeakan@163.com,Female,2001
46495,Clayton,Olivello,colivelloao@dion.ne.jp,Male,1928
49101,Granger,Penbarthy,gpenbarthyap@comsenz.com,Male,1949
45680,Bendix,Mortel,bmortelaq@irs.gov,Male,1957
44200,Ana,Blower,ablowerar@phpbb.com,Female,1974
42428,Nevil,Colam,ncolamas@latimes.com,Male,2000
45148,Rebeca,Harrill,rharrillat@slideshare.net,Female,2010
48243,Shay,Basili,sbasiliau@linkedin.com,Female,1985
46767,Kearney,Balcock,kbalcockav@craigslist.org,Male,1957
40298,Jobyna,D'Antuoni,jdantuoniaw@typepad.com,Female,1956
47012,Vittoria,Teck,vteckax@pen.io,Female,2010
49625,Laurena,Klageman,lklagemanay@angelfire.com,Genderqueer,1999
48165,Charline,Van der Brugge,cvanderbruggeaz@uol.com.br,Female,1993
41358,Bekki,Fitzsimons,bfitzsimonsb0@alexa.com,Female,1943
42686,Sylvia,Costard,scostardb1@omniture.com,Female,2005
45791,Orazio,Inkin,oinkinb2@fastcompany.com,Male,1996
44756,Katha,Janda,kjandab3@blogs.com,Female,1938
47760,Dina,Stow,dstowb4@dot.gov,Female,1926
42807,Min,Carnachen,mcarnachenb5@unicef.org,Female,1937
43949,Dalston,Shrubshall,dshrubshallb6@surveymonkey.com,Male,1945
49834,Demetris,Dunbobin,ddunbobinb7@networksolutions.com,Genderqueer,1972
45750,Adolf,Daen,adaenb8@bloglovin.com,Male,1924
46405,Edgardo,Siverns,esivernsb9@forbes.com,Male,1962
41569,Jacques,Wingar,jwingarba@wikipedia.org,Male,1934
41840,Finn,Baline,fbalinebb@rediff.com,Male,1943
41152,Berty,Evett,bevettbc@go.com,Male,2002
44456,Elwyn,Iacopini,eiacopinibd@wunderground.com,Male,1960
45379,Sayre,Bundock,sbundockbe@de.vu,Genderqueer,1948
43419,Braden,Bradtke,bbradtkebf@cloudflare.com,Male,1932
47790,Adriano,Kayley,akayleybg@dailymail.co.uk,Male,1964
49916,Curry,Watt,cwattbh@yellowbook.com,Male,2005
49150,Hyacintha,Bloomfield,hbloomfieldbi@typepad.com,Female,1992
44526,Micheil,Segot,msegotbj@howstuffworks.com,Male,1949
48316,Sashenka,Gooday,sgoodaybk@soup.io,Female,1940
42958,Leonard,Scrowton,lscrowtonbl@meetup.com,Male,1995
46484,Jody,Acome,jacomebm@tiny.cc,Genderqueer,1934
45104,Wylma,Pitfield,wpitfieldbn@ucla.edu,Female,1924
45535,Denna,Veregan,dvereganbo@skype.com,Female,1934
41919,Cleveland,Danis,cdanisbp@senate.gov,Male,1929
48539,Emera,Vanyashin,evanyashinbq@walmart.com,Agender,1940
43252,Fabian,Beartup,fbeartupbr@slate.com,Male,1928
41351,Jean,Hasard,jhasardbs@opensource.org,Female,1988
43613,Ara,Philimore,aphilimorebt@skype.com,Male,1942
45253,Irvin,Pawelski,ipawelskibu@vkontakte.ru,Male,1952
44119,Charlie,Draysey,cdrayseybv@umich.edu,Male,1921
48889,Valentin,Bloor,vbloorbw@arstechnica.com,Genderfluid,2008
49152,Willow,Peirazzi,wpeirazzibx@pcworld.com,Female,1921
41890,Tymon,Tarburn,ttarburnby@merriam-webster.com,Male,1931
43664,Boycie,Mealham,bmealhambz@seesaa.net,Male,1944
49802,Brose,Itzhaiek,bitzhaiekc0@xing.com,Male,1954
49364,Doralynn,Chetwynd,dchetwyndc1@arizona.edu,Female,1982
47436,Fitzgerald,Gallard,fgallardc2@xing.com,Male,1965
45684,Ambrosius,Shufflebotham,ashufflebothamc3@latimes.com,Male,1986
43273,Catherina,Handscombe,chandscombec4@addtoany.com,Female,1944
45870,Ann-marie,Roch,arochc5@biblegateway.com,Bigender,1921
46186,Sheelah,Playford,splayfordc6@yellowbook.com,Female,1925
48870,Linnea,Osgood,losgoodc7@bbb.org,Female,1920
46380,Iormina,Fernan,ifernanc8@multiply.com,Female,1990
49041,Estell,Spenton,espentonc9@dot.gov,Female,1964
40701,Maximilien,Olivi,molivica@oaic.gov.au,Male,2002
41505,Mattias,Possell,mpossellcb@amazon.co.uk,Male,1964
40938,Sondra,Docket,sdocketcc@goo.gl,Female,1948
45194,Chrotoem,Dunbavin,cdunbavincd@kickstarter.com,Male,1994
49957,Sidney,Benedek,sbenedekce@smugmug.com,Male,1923
49408,Micaela,Scoullar,mscoullarcf@parallels.com,Female,1976
45584,Edlin,Flaunier,eflauniercg@addthis.com,Male,1931
47137,Alexia,Sillis,asillisch@skyrock.com,Female,1972
49230,Charley,Goudy,cgoudyci@dailymotion.com,Male,1964
44008,Kaitlyn,Fiddeman,kfiddemancj@rakuten.co.jp,Female,1938
48320,Dennis,MacAree,dmacareeck@google.pl,Male,2001
45565,Doralia,Antonomoli,dantonomolicl@time.com,Female,2010
41940,Staci,Chooter,schootercm@photobucket.com,Female,1969
42026,Daniele,Stirland,dstirlandcn@opera.com,Female,1936
48868,Gina,Ricci,griccico@accuweather.com,Female,1952
40760,Calypso,Cayet,ccayetcp@ning.com,Female,1972
47777,Alexandra,Pockett,apockettcq@narod.ru,Female,1923
49224,Doralin,Laurand,dlaurandcr@qq.com,Female,1998
46841,Faye,Stolte,fstoltecs@youku.com,Female,2008
49604,Simone,Bovey,sboveyct@who.int,Male,1978
48822,Gay,Gasson,ggassoncu@moonfruit.com,Male,1946
44497,Enrika,Blazek,eblazekcv@google.com,Female,1932
49387,Shalom,Gerred,sgerredcw@theguardian.com,Male,1944
47158,Caralie,Burdess,cburdesscx@dagondesign.com,Female,1998
44529,Elisha,O'Kennedy,eokennedycy@chronoengine.com,Male,1923
42268,Obediah,Quinion,oquinioncz@oracle.com,Male,1968
48684,Shurwood,Clausen,sclausend0@economist.com,Male,1997
49200,Audra,Licari,alicarid1@typepad.com,Female,1985
48294,Marylou,Arons,maronsd2@nymag.com,Female,1999
41540,Sinclare,Reinbech,sreinbechd3@freewebs.com,Male,2008
45508,Paulo,Burt,pburtd4@histats.com,Male,1978
43161,Emile,Frodsham,efrodshamd5@dagondesign.com,Male,1979
46009,Alaine,Stiffkins,astiffkinsd6@elegantthemes.com,Female,1922
47592,Jacqui,Morris,jmorrisd7@sfgate.com,Female,1969
48608,Brand,Chetwynd,bchetwyndd8@eventbrite.com,Male,1938
43100,Joseito,Struys,jstruysd9@yellowpages.com,Male,1962
46915,Adena,Cater,acaterda@businessinsider.com,Genderqueer,1994
43253,Dorothy,Maguire,dmaguiredb@berkeley.edu,Female,1975
46150,Bernadene,Heersma,bheersmadc@artisteer.com,Female,1936
42805,Linell,Morecomb,lmorecombdd@lycos.com,Female,1957
47692,Marielle,Rakes,mrakesde@pagesperso-orange.fr,Female,1975
40872,Clarissa,Luxmoore,cluxmooredf@hao123.com,Bigender,1939
43847,Ricki,Baptista,rbaptistadg@google.pl,Female,1920
48758,Sande,Hairs,shairsdh@oracle.com,Female,1937
43813,Hasty,Vallack,hvallackdi@360.cn,Bigender,1929
48856,Alexandrina,Paulsson,apaulssondj@hatena.ne.jp,Female,1923
46655,Blondie,Bennallck,bbennallckdk@tripadvisor.com,Female,1922
43666,Dodie,Philipet,dphilipetdl@tuttocitta.it,Female,1970
49276,Perrine,Corradengo,pcorradengodm@dot.gov,Female,1966
41805,Carissa,Fairclough,cfaircloughdn@facebook.com,Female,1965
42751,Juliane,Fishlock,jfishlockdo@about.me,Female,1963
43560,Dory,Honig,dhonigdp@gravatar.com,Genderqueer,1988
48234,Alasteir,Maykin,amaykindq@omniture.com,Agender,1987
47696,Tara,Buyers,tbuyersdr@ebay.co.uk,Female,1921
41337,Hurley,Behneke,hbehnekeds@about.me,Male,1930
43874,Margareta,Heigl,mheigldt@cnbc.com,Genderqueer,1937
44838,Fedora,Snowding,fsnowdingdu@vinaora.com,Female,1932
41765,Chrissie,Ellgood,cellgooddv@4shared.com,Female,1923
48211,Mead,Menichillo,mmenichillodw@redcross.org,Female,1962
47508,Roobbie,McQuin,rmcquindx@amazonaws.com,Female,1942
48417,Jehu,Binks,jbinksdy@gnu.org,Male,1931
46285,Kenon,Castellucci,kcastelluccidz@pen.io,Male,1951
49741,Lara,Chander,lchandere0@tumblr.com,Female,1933
49307,Dud,Banger,dbangere1@behance.net,Male,2001
44911,Kimbell,Phillcox,kphillcoxe2@fastcompany.com,Male,2008
44899,Naoma,Goranov,ngoranove3@behance.net,Female,1946
44289,Opal,McDonald,omcdonalde4@yellowpages.com,Female,1973
40940,Nicolai,Tyrie,ntyriee5@examiner.com,Male,1973
44188,Sandy,Buesnel,sbuesnele6@abc.net.au,Female,1981
46667,Elianora,Gabites,egabitese7@reddit.com,Female,1931
42324,Sheffie,Wrightham,swrighthame8@vkontakte.ru,Male,1936
43526,Scott,Dransfield,sdransfielde9@cdbaby.com,Male,1922
41790,Sawyere,Gilford,sgilfordea@upenn.edu,Male,1983
42348,Cristionna,Likely,clikelyeb@irs.gov,Genderqueer,1957
46547,Karalee,Wyeth,kwyethec@who.int,Female,1991
44349,Hewie,Boullin,hboullined@lycos.com,Male,1986
40560,Brien,Letty,blettyee@marriott.com,Male,1954
46261,Frannie,Uppett,fuppettef@skyrock.com,Male,1961
49842,Perle,Mirando,pmirandoeg@booking.com,Female,1923
40184,Salomone,Landsberg,slandsbergeh@myspace.com,Genderfluid,1946
48025,Queenie,Follet,qfolletei@chronoengine.com,Female,1957
49057,Shelly,Lingner,slingnerej@who.int,Female,1991
48321,Susann,McNeely,smcneelyek@pen.io,Female,1923
46217,Bennie,Budcock,bbudcockel@uiuc.edu,Male,1945
43551,Emory,Drissell,edrissellem@moonfruit.com,Male,1970
44937,Normand,Durham,ndurhamen@amazon.co.uk,Male,1984
48626,Bailie,Huby,bhubyeo@telegraph.co.uk,Male,1940
42031,Reinald,Gorke,rgorkeep@furl.net,Genderfluid,1922
44272,Donny,Wolfe,dwolfeeq@typepad.com,Male,2002
41540,Dalston,Broadway,dbroadwayer@naver.com,Male,1922
46696,Salvatore,Longega,slongegaes@huffingtonpost.com,Non-binary,1970
40785,Emyle,Ambroise,eambroiseet@stanford.edu,Female,1926
49348,Torey,Ugoletti,tugolettieu@edublogs.org,Male,1922
43893,Agnese,Fillimore,afillimoreev@wikimedia.org,Female,1995
41947,Gardy,Mellon,gmellonew@list-manage.com,Male,1927
41068,Lu,Oliveti,lolivetiex@livejournal.com,Female,1940
46018,Sauveur,Primmer,sprimmerey@shutterfly.com,Male,2008
49830,Tobey,Soden,tsodenez@shop-pro.jp,Female,1932
46988,Tom,Lowder,tlowderf0@paypal.com,Male,1945
46549,Tamara,Ander,tanderf1@gmpg.org,Female,1963
47160,Lyndell,Phillcox,lphillcoxf2@webeden.co.uk,Female,2002
45525,Obadias,Snowball,osnowballf3@washington.edu,Male,1968
48505,Franz,Stoffer,fstofferf4@forbes.com,Polygender,1996
41044,Shepperd,Bonehill,sbonehillf5@google.fr,Male,2007
42591,Muhammad,Dennert,mdennertf6@biblegateway.com,Male,2006
44196,Patrick,Dewen,pdewenf7@thetimes.co.uk,Male,1992
43577,Amalee,Sinderland,asinderlandf8@t.co,Female,1998
44118,Nikolia,Causton,ncaustonf9@furl.net,Female,1936
43632,Slade,Michelotti,smichelottifa@dmoz.org,Male,1956
46833,Denney,Espinet,despinetfb@mac.com,Male,1996
40345,Derk,Fearneley,dfearneleyfc@reuters.com,Male,1968
44353,Germaine,Portwain,gportwainfd@bluehost.com,Female,1959
42214,Lyndy,Lampitt,llampittfe@google.com,Female,1990
47704,Lanna,Allsop,lallsopff@tinypic.com,Female,1948
48704,Pennie,Golson,pgolsonfg@ovh.net,Female,1950
42679,Pierre,Dupree,pdupreefh@buzzfeed.com,Male,1934
42399,Paige,Peery,ppeeryfi@apple.com,Female,1997
40177,Aila,Ollerhead,aollerheadfj@whitehouse.gov,Female,1921
49598,Dorolisa,Allchorn,dallchornfk@drupal.org,Female,1975
42363,Elwood,Alpin,ealpinfl@dion.ne.jp,Male,1958
40213,Web,Corstorphine,wcorstorphinefm@github.io,Male,1977
40316,Floyd,Kleinplatz,fkleinplatzfn@usgs.gov,Male,1942
48941,Goraud,Brooker,gbrookerfo@histats.com,Male,1937
42817,Christin,Westcar,cwestcarfp@histats.com,Female,1989
40666,Moore,Keuntje,mkeuntjefq@nsw.gov.au,Male,1935
49616,Micheil,Cristoforo,mcristoforofr@about.com,Male,1981
42717,Brittney,Gouthier,bgouthierfs@cpanel.net,Female,1943
40747,Cristine,Lamport,clamportft@t.co,Female,1974
41893,Nadeen,Fahrenbacher,nfahrenbacherfu@bbc.co.uk,Genderqueer,1965
42212,Kory,Reven,krevenfv@dropbox.com,Male,1981
43574,Nickolas,Stollberg,nstollbergfw@toplist.cz,Male,1965
46848,Bev,Izzard,bizzardfx@google.es,Male,1986
48065,Karlan,Kisbey,kkisbeyfy@bandcamp.com,Male,1939
44905,Joanna,Elsop,jelsopfz@google.com.br,Female,1952
44958,Joey,Bellinger,jbellingerg0@delicious.com,Female,1994
47451,Nevsa,Saintpierre,nsaintpierreg1@utexas.edu,Female,1967
47663,Cahra,Oxley,coxleyg2@xrea.com,Female,1995
48619,Sallyann,Brim,sbrimg3@cdc.gov,Female,1931
46222,Alanna,Bottrell,abottrellg4@google.com,Female,1933
48545,Sherwin,Erratt,serrattg5@shutterfly.com,Male,1997
44258,Laurena,Shepeard,lshepeardg6@amazonaws.com,Agender,1971
44827,Weber,Bushill,wbushillg7@cornell.edu,Male,1959
48858,Duffy,Cluely,dcluelyg8@desdev.cn,Male,1961
48408,Mureil,Coales,mcoalesg9@phpbb.com,Non-binary,1989
49065,Clarita,Scandrett,cscandrettga@psu.edu,Agender,1989
48205,Marshall,Wallworke,mwallworkegb@pinterest.com,Male,1924
48553,Will,Prue,wpruegc@stumbleupon.com,Male,2006
43966,Bobby,Leworthy,bleworthygd@surveymonkey.com,Genderqueer,1993
41293,Shell,Ness,snessge@arizona.edu,Male,1945
41246,Willa,Baxster,wbaxstergf@tripadvisor.com,Female,1975
46344,Artair,Avey,aaveygg@digg.com,Male,1932
41975,Wes,Brameld,wbrameldgh@com.com,Male,1925
49577,Keene,Riddles,kriddlesgi@webmd.com,Male,1982
49575,Riannon,Peasby,rpeasbygj@soundcloud.com,Female,1981
47905,Albie,Cromb,acrombgk@cpanel.net,Polygender,1970
48907,Wes,Lailey,wlaileygl@angelfire.com,Male,1942
48732,Ive,Managh,imanaghgm@chronoengine.com,Male,2007
40345,Estella,Battle,ebattlegn@bravesites.com,Female,1940
46291,Georgiana,d'Arcy,gdarcygo@elpais.com,Female,1948
43789,Mathew,Moyse,mmoysegp@europa.eu,Male,1973
40504,Tades,Ensten,tenstengq@nasa.gov,Male,1950
41804,Bibbie,Pigram,bpigramgr@google.cn,Female,1984
44484,Bobbie,Clapton,bclaptongs@latimes.com,Female,1926
44370,Ivonne,Lacase,ilacasegt@princeton.edu,Female,1949
46249,Padgett,Berni,pbernigu@google.it,Male,1920
49756,Silvester,Matelaitis,smatelaitisgv@paginegialle.it,Male,1925
49481,Nathanael,Le Pine,nlepinegw@sitemeter.com,Male,1976
46369,Waverley,Molyneux,wmolyneuxgx@army.mil,Male,1963
47204,Mehetabel,Jedrych,mjedrychgy@cocolog-nifty.com,Female,1934
42555,Jaclin,Lippiello,jlippiellogz@geocities.jp,Female,1983
49724,Candida,Morson,cmorsonh0@desdev.cn,Female,1956
45387,Desirae,Mustarde,dmustardeh1@bandcamp.com,Female,1959
46190,Dael,Ludvigsen,dludvigsenh2@scribd.com,Male,1979
41994,Aarika,MacCurtain,amaccurtainh3@fc2.com,Female,1981
47009,Ruth,Kilmaster,rkilmasterh4@wunderground.com,Female,1967
44755,Alyson,Sherrin,asherrinh5@pcworld.com,Female,1931
47710,Violetta,Tebbut,vtebbuth6@paginegialle.it,Non-binary,1991
41589,Lyn,McKernan,lmckernanh7@istockphoto.com,Male,1949
47442,Ingamar,Pheazey,ipheazeyh8@home.pl,Male,1978
48470,Georgi,Rutter,grutterh9@berkeley.edu,Male,1923
47520,Emera,Watkiss,ewatkissha@mtv.com,Female,1948
44027,Julina,Corden,jcordenhb@w3.org,Female,1970
45957,Ottilie,Strain,ostrainhc@mapquest.com,Female,1939
49239,Louisette,Adamiec,ladamiechd@google.com.au,Female,1993
46136,Rubia,Ponten,rpontenhe@tripadvisor.com,Female,1929
43673,Eyde,Baton,ebatonhf@meetup.com,Genderfluid,1978
42950,Gabriello,Puddifer,gpuddiferhg@uol.com.br,Male,1963
42722,Correna,Gwillim,cgwillimhh@multiply.com,Female,1981
48448,Ody,Skym,oskymhi@amazon.co.uk,Non-binary,1931
43254,Albie,Skipton,askiptonhj@photobucket.com,Male,1966
40019,Gardy,McErlaine,gmcerlainehk@state.tx.us,Male,1952
47412,Deck,Greenrod,dgreenrodhl@reddit.com,Male,2010
47298,Dun,Huggins,dhugginshm@dedecms.com,Agender,2000
42745,Natale,Leer,nleerhn@surveymonkey.com,Male,1925
42275,Vittoria,Chastagnier,vchastagnierho@google.com.au,Female,1944
41420,Marguerite,Brattell,mbrattellhp@house.gov,Female,2006
48884,Yoshi,Rasper,yrasperhq@who.int,Female,1961
44193,Fulton,Lichfield,flichfieldhr@ucsd.edu,Male,1947
41078,Richart,Manolov,rmanolovhs@google.co.uk,Male,1941
49542,Cullen,Colerick,ccolerickht@behance.net,Male,1928
42228,Krishnah,Thames,kthameshu@home.pl,Male,1954
45904,Abie,Loomes,aloomeshv@simplemachines.org,Male,1929
42504,Paulina,Middas,pmiddashw@amazonaws.com,Female,1937
49029,Trace,Pikhno,tpikhnohx@clickbank.net,Male,1928
45801,Dallas,Tilte,dtiltehy@fema.gov,Male,1968
40224,Natty,De Vaan,ndevaanhz@mediafire.com,Male,1935
43442,Wade,Tear,wteari0@instagram.com,Male,1966
48024,Evangelin,Leyton,eleytoni1@cdc.gov,Female,1985
45457,Agatha,Gantzer,agantzeri2@mac.com,Female,1986
47931,Jehanna,Bassick,jbassicki3@xrea.com,Female,2004
41827,Dosi,Cartwight,dcartwighti4@cam.ac.uk,Bigender,1939
46431,Wilow,Simoens,wsimoensi5@google.fr,Female,2006
45882,Dolli,Scotchmore,dscotchmorei6@liveinternet.ru,Female,1955
48695,Thedrick,Lawland,tlawlandi7@sogou.com,Male,2003
45451,Colman,Norway,cnorwayi8@hubpages.com,Male,1998
47270,Kristel,Burchett,kburchetti9@51.la,Female,1952
46718,Cooper,Rumbold,crumboldia@tripod.com,Male,1962
45532,Raynell,Barhims,rbarhimsib@cdbaby.com,Female,1975
48483,Darb,Cargo,dcargoic@meetup.com,Female,1947
48238,Tomaso,Stembridge,tstembridgeid@reverbnation.com,Male,1927
46392,Alyce,McErlaine,amcerlaineie@seattletimes.com,Female,1966
44066,Guillaume,Robelet,grobeletif@studiopress.com,Male,1982
49937,Etti,Mahedy,emahedyig@biglobe.ne.jp,Female,1947
44634,Dieter,Husthwaite,dhusthwaiteih@macromedia.com,Male,1940
49904,Zorah,Kellog,zkellogii@businessweek.com,Female,1925
47885,Eldon,Ivain,eivainij@apple.com,Male,1998
42037,Isabella,Zambon,izambonik@163.com,Bigender,2005
48359,Erhart,Haburne,ehaburneil@businesswire.com,Male,1971
41103,Jermaine,Pembery,jpemberyim@nytimes.com,Male,1961
41841,Annamaria,Mannin,amanninin@boston.com,Female,1972
45628,Binni,Meni,bmeniio@dropbox.com,Female,1936
44611,Bond,Asch,baschip@myspace.com,Male,1982
40260,Homere,Legrice,hlegriceiq@jimdo.com,Male,1952
41003,Susanetta,Banker,sbankerir@vimeo.com,Female,1933
49703,Coreen,Bowlas,cbowlasis@mayoclinic.com,Female,1930
42795,Nettle,Hayer,nhayerit@hc360.com,Female,1945
45552,Danyelle,Arnison,darnisoniu@freewebs.com,Female,1983
49654,Osbourne,Tarplee,otarpleeiv@cbsnews.com,Polygender,1945
49053,Rance,Culleford,rcullefordiw@state.tx.us,Male,1938
42375,Stanleigh,Noke,snokeix@psu.edu,Male,1987
44316,Wake,Sutherland,wsutherlandiy@fc2.com,Agender,1992
45330,Elene,Popping,epoppingiz@macromedia.com,Female,1946
42699,Emelina,Rotherham,erotherhamj0@fema.gov,Female,1989
46731,Jasper,Blest,jblestj1@guardian.co.uk,Male,2004
41309,Marline,Shynn,mshynnj2@ezinearticles.com,Female,1927
48165,Gwyn,Janney,gjanneyj3@hp.com,Female,1930
46835,Bradley,Clurow,bclurowj4@google.cn,Male,1960
46324,Angie,Duggon,aduggonj5@cyberchimps.com,Male,1984
41108,Sherwin,Peile,speilej6@nba.com,Genderfluid,1983
49532,Kim,Overel,koverelj7@kickstarter.com,Female,1968
47305,Ursuline,Kasparski,ukasparskij8@ucla.edu,Female,1997
46798,Dina,Reame,dreamej9@nba.com,Bigender,1947
42818,Sharona,Keeney,skeeneyja@sciencedirect.com,Female,1962
46201,Englebert,Bickerdicke,ebickerdickejb@nps.gov,Male,1945
40437,Burlie,Bletsor,bbletsorjc@fda.gov,Male,1934
46013,Selia,Grene,sgrenejd@washingtonpost.com,Female,2002
46430,Berky,Ravenscraft,bravenscraftje@infoseek.co.jp,Male,1921
49833,Donn,McManamen,dmcmanamenjf@geocities.com,Male,2010
48380,Urbanus,Gasquoine,ugasquoinejg@gov.uk,Male,1941
46460,Ninnette,Orcott,norcottjh@businessinsider.com,Female,1971
41838,Percival,Tratton,ptrattonji@ucla.edu,Male,1955
46617,Auguste,Pigrome,apigromejj@arizona.edu,Female,1978
42023,Brittaney,Karolyi,bkarolyijk@marriott.com,Female,1950
47358,Florence,Salzberg,fsalzbergjl@bandcamp.com,Female,1958
45594,Everard,Cashin,ecashinjm@plala.or.jp,Male,1981
49260,Miof mela,Redgrove,mredgrovejn@irs.gov,Female,1922
47556,Innis,Sollom,isollomjo@timesonline.co.uk,Male,2007
45208,Veradis,McTaggart,vmctaggartjp@ucsd.edu,Female,1947
41822,Enrico,Cawthera,ecawtherajq@state.gov,Male,1976
45335,Netta,Pyrke,npyrkejr@sfgate.com,Female,1948
43446,Jacob,Chilvers,jchilversjs@about.com,Male,1947
44636,Poul,Elson,pelsonjt@ucla.edu,Non-binary,1988
42603,Thaine,Stillman,tstillmanju@skype.com,Male,1965
46498,Evyn,Dawkes,edawkesjv@narod.ru,Male,1985
43088,Rubie,Cobby,rcobbyjw@marketwatch.com,Female,1933
49417,Alyse,Coneybeare,aconeybearejx@dedecms.com,Female,1987
45050,Myer,Conford,mconfordjy@mapquest.com,Male,1966
47788,Kylynn,Benedick,kbenedickjz@canalblog.com,Female,1929
46258,Joline,Mandres,jmandresk0@delicious.com,Female,1957
46215,Amie,Bummfrey,abummfreyk1@independent.co.uk,Female,1976
40731,Jay,Stoddart,jstoddartk2@ezinearticles.com,Male,1931
43726,Elmore,Muxworthy,emuxworthyk3@wikipedia.org,Male,1977
44186,Martainn,Brome,mbromek4@g.co,Male,1989
43056,Carita,Van Hesteren,cvanhesterenk5@goo.gl,Female,1967
45741,Charla,Edridge,cedridgek6@bloglines.com,Female,1989
47480,Zia,Kinsley,zkinsleyk7@wikipedia.org,Female,1952
45403,Gonzalo,Ivancevic,givancevick8@sphinn.com,Male,2005
47354,Keane,Girodias,kgirodiask9@disqus.com,Male,1982
44880,Kerrie,Brayfield,kbrayfieldka@stanford.edu,Female,1957
48703,Hamel,Measey,hmeaseykb@google.ca,Male,1994
45859,Carilyn,Blunsden,cblunsdenkc@ihg.com,Female,1977
44733,Adelaide,Brightey,abrighteykd@shutterfly.com,Female,1996
47463,Opal,Fawcus,ofawcuske@is.gd,Female,1996
40281,Iain,Guiu,iguiukf@rambler.ru,Male,1938
40649,Cherish,Keattch,ckeattchkg@elegantthemes.com,Female,1969
43312,Gigi,Tunaclift,gtunacliftkh@qq.com,Female,1981
40874,Rockie,Armsden,rarmsdenki@ocn.ne.jp,Male,1968
46042,Merle,Kluss,mklusskj@unesco.org,Female,1967
40859,Barnabe,Anscott,banscottkk@hugedomains.com,Male,2007
48996,Harrie,Titcumb,htitcumbkl@tiny.cc,Female,1975
45533,Robbi,Kitchingman,rkitchingmankm@addthis.com,Female,1928
42811,Errol,Doohey,edooheykn@goodreads.com,Polygender,1924
47296,Felipa,Duham,fduhamko@typepad.com,Female,2003
48994,Allayne,Spinley,aspinleykp@bing.com,Male,1957
47413,John,Durand,jdurandkq@g.co,Male,1929
42921,Carling,Kolak,ckolakkr@etsy.com,Male,1991
47064,Jaclin,Goldsbrough,jgoldsbroughks@virginia.edu,Female,1944
43002,Tab,Doget,tdogetkt@java.com,Male,1953
41137,Curtice,Suscens,csuscensku@army.mil,Male,1973
42140,Berta,Snawden,bsnawdenkv@state.gov,Female,1943
40902,Skippy,Lesek,slesekkw@hugedomains.com,Male,1988
43499,Helena,Birley,hbirleykx@utexas.edu,Female,1947
44463,Electra,Extil,eextilky@geocities.jp,Polygender,1934
48000,Darryl,Cavalier,dcavalierkz@google.nl,Male,1974
49232,Dorelia,Minney,dminneyl0@eventbrite.com,Female,1921
42569,Boycie,Nevins,bnevinsl1@360.cn,Male,1999
43201,Eldredge,Flisher,eflisherl2@google.com.br,Male,1948
49354,Rice,Dimsdale,rdimsdalel3@addtoany.com,Male,1983
49032,Shell,Egle of Germany,segleofgermanyl4@google.com.br,Female,1980
45850,Zarah,Boise,zboisel5@mail.ru,Female,2005
48296,Chaddie,Lejeune,clejeunel6@fc2.com,Male,1936
45301,Mathe,Izatson,mizatsonl7@youtube.com,Male,1964
44065,Norry,Lerhinan,nlerhinanl8@ameblo.jp,Male,1997
45714,Alecia,McMurty,amcmurtyl9@nature.com,Female,1996
43775,Garv,Wherry,gwherryla@businessinsider.com,Male,1999
45483,Clarice,Lewtey,clewteylb@prlog.org,Female,1997
46511,Bliss,Janousek,bjanouseklc@geocities.com,Female,1936
47431,Emlynn,Midlane,emidlaneld@msn.com,Female,1948
45128,Mollie,Goulborne,mgoulbornele@typepad.com,Female,1966
46580,Tressa,Byneth,tbynethlf@amazonaws.com,Female,1922
48531,Leona,Gloyens,lgloyenslg@hp.com,Genderfluid,1989
48400,Gilda,Goold,ggooldlh@naver.com,Non-binary,1950
42802,Misha,Gwynn,mgwynnli@ted.com,Female,2007
49403,Giulia,Plumstead,gplumsteadlj@redcross.org,Female,1965
48983,Tan,Kirwan,tkirwanlk@ucla.edu,Male,1922
40766,Nye,Maffey,nmaffeyll@nba.com,Male,1943
42916,Alexio,Eilhart,aeilhartlm@whitehouse.gov,Male,2001
45292,Salomo,Skaife,sskaifeln@qq.com,Male,2009
44136,Phillipe,Blazynski,pblazynskilo@clickbank.net,Male,1964
48013,Annelise,McCorkell,amccorkelllp@earthlink.net,Female,1939
45649,Bendicty,Labin,blabinlq@bing.com,Male,1975
46008,Margarita,Marzelo,mmarzelolr@drupal.org,Female,1927
47060,Vanessa,Montford,vmontfordls@woothemes.com,Female,1987
44099,Adolpho,Mowett,amowettlt@behance.net,Male,1924
45432,Northrup,Brammer,nbrammerlu@go.com,Male,1980
41538,Cathie,Knox,cknoxlv@google.cn,Female,1955
49204,Dare,Radeliffe,dradeliffelw@webnode.com,Male,1957
44237,Denis,Barbisch,dbarbischlx@noaa.gov,Male,1969
44821,Jillane,Mangam,jmangamly@slideshare.net,Female,1920
42587,Lorry,Vertey,lverteylz@irs.gov,Female,1966
48432,Ailey,Campbell-Dunlop,acampbelldunlopm0@usa.gov,Female,1938
43139,Bobbye,Twentyman,btwentymanm1@google.com.au,Female,1999
48361,Darya,Farreil,dfarreilm2@mozilla.com,Polygender,1999
48046,Lou,Whooley,lwhooleym3@archive.org,Agender,1994
47753,Kerwin,Griffithe,kgriffithem4@ucla.edu,Male,1997
43531,Eryn,Leyson,eleysonm5@smh.com.au,Female,1962
47706,Gareth,Moylane,gmoylanem6@unesco.org,Male,1976
42694,Milzie,Sygroves,msygrovesm7@rediff.com,Female,1975
45258,Karisa,Durling,kdurlingm8@booking.com,Female,1983
42500,Wendall,Herrero,wherrerom9@google.ca,Male,1940
42190,Bobby,Perigoe,bperigoema@home.pl,Male,1937
45591,Esther,Baldack,ebaldackmb@webeden.co.uk,Female,1948
43152,Mathilda,Klehyn,mklehynmc@elegantthemes.com,Genderfluid,1922
49945,Suzette,Siviter,ssivitermd@networksolutions.com,Female,1947
43361,Isabel,Woodberry,iwoodberryme@furl.net,Female,1959
48325,Papageno,Gavagan,pgavaganmf@si.edu,Male,1973
40032,Giovanna,Plante,gplantemg@unc.edu,Female,1982
46332,Emilio,Latter,elattermh@amazon.co.jp,Genderfluid,2006
48392,Silas,Bedborough,sbedboroughmi@slideshare.net,Male,1943
45310,Ruprecht,Linbohm,rlinbohmmj@utexas.edu,Male,1934
41895,Daisie,Cussons,dcussonsmk@ezinearticles.com,Female,1942
43714,Augusto,Hewes,ahewesml@php.net,Male,1927
48857,Gray,Syms,gsymsmm@psu.edu,Female,1949
40792,Aube,Lethem,alethemmn@skyrock.com,Male,1965
45545,Alanson,Broster,abrostermo@china.com.cn,Male,1975
40089,Alic,Dingivan,adingivanmp@twitpic.com,Male,1921
47473,Cornelius,Colbourne,ccolbournemq@smh.com.au,Male,2006
44078,Caitlin,Dibbert,cdibbertmr@ucoz.ru,Female,1951
43085,Garek,Mcall,gmcallms@pen.io,Male,1922
40466,Alastair,Everitt,aeverittmt@is.gd,Male,1983
46064,Ari,Frodsham,afrodshammu@disqus.com,Male,1957
48269,Meg,Teffrey,mteffreymv@networkadvertising.org,Female,1951
44120,Aymer,Pick,apickmw@stanford.edu,Polygender,1992
47406,Osbert,Chesshyre,ochesshyremx@blogtalkradio.com,Male,1960
46838,Gene,Tallach,gtallachmy@netlog.com,Male,1952
48862,Sande,Gentile,sgentilemz@oracle.com,Female,1945
40222,Miltie,Dreschler,mdreschlern0@bizjournals.com,Male,1926
43268,Marilin,Chazelas,mchazelasn1@chron.com,Female,1991
41365,Augie,Voff,avoffn2@mapquest.com,Male,1996
46059,Joleen,Sergant,jsergantn3@opensource.org,Female,1973
44926,Charlean,Arblaster,carblastern4@webs.com,Female,2005
42513,Packston,Borgesio,pborgesion5@princeton.edu,Male,1988
41319,Alexine,Mansuer,amansuern6@livejournal.com,Female,1920
48615,Miran,Christopherson,mchristophersonn7@auda.org.au,Female,1995
45869,Inger,Glyssanne,iglyssannen8@sciencedaily.com,Female,1987
46787,Julietta,Izacenko,jizacenkon9@ft.com,Female,1967
42807,Linn,Dancey,ldanceyna@mtv.com,Male,1985
45130,Jordan,Covotto,jcovottonb@multiply.com,Female,1997
44091,Arline,Huckstepp,ahucksteppnc@japanpost.jp,Female,2006
46657,Ryan,Menezes,rmenezesnd@ocn.ne.jp,Male,2000
46239,Meghann,Clover,mcloverne@histats.com,Female,2004
41460,Edsel,Gillbey,egillbeynf@e-recht24.de,Male,1953
45457,Georgeanna,Michael,gmichaelng@eepurl.com,Female,1943
46440,Giselbert,Cantera,gcanteranh@taobao.com,Polygender,2010
46041,Alissa,Patillo,apatilloni@businessinsider.com,Polygender,1971
46871,Nerissa,Farnell,nfarnellnj@independent.co.uk,Female,1967
43871,Barbi,Chalcraft,bchalcraftnk@boston.com,Female,1941
49190,Krystalle,Roft,kroftnl@dagondesign.com,Female,1946
46728,Moore,McGettigan,mmcgettigannm@washingtonpost.com,Agender,2008
46733,Loutitia,Frame,lframenn@goo.ne.jp,Genderqueer,1921
43568,Madison,Ell,mellno@amazon.com,Male,1953
41039,Dunc,Rosbottom,drosbottomnp@archive.org,Male,1984
44739,Chere,Mc-Kerley,cmckerleynq@wikispaces.com,Female,1966
42036,Arnaldo,Small,asmallnr@google.ca,Male,1929
49776,Davina,Toft,dtoftns@cnbc.com,Female,1952
47588,Averill,Skaif,askaifnt@msu.edu,Male,1930
46122,Babette,Abrahams,babrahamsnu@mozilla.org,Female,1922
48455,Bertie,Sturridge,bsturridgenv@wikispaces.com,Male,1950
48497,Syd,Thandi,sthandinw@amazonaws.com,Male,1927
40603,Drud,Londer,dlondernx@engadget.com,Male,1977
43174,Silvan,Charrier,scharrierny@desdev.cn,Polygender,1948
46254,Samaria,Franceschi,sfranceschinz@cocolog-nifty.com,Female,1989
40961,Ransell,Dedden,rdeddeno0@yandex.ru,Male,1946
41300,Cloris,McKendry,cmckendryo1@ovh.net,Female,1992
42807,Emlyn,Beynkn,ebeynkno2@oaic.gov.au,Male,1998
47627,Jillie,Rudsdell,jrudsdello3@ebay.co.uk,Female,2004
40301,Ashton,O'Dunniom,aodunniomo4@meetup.com,Male,1923
46571,Kristofor,Josilowski,kjosilowskio5@examiner.com,Male,1927
42641,Myrtia,Huckin,mhuckino6@ovh.net,Female,1965
46800,Maggie,Shawdforth,mshawdfortho7@constantcontact.com,Female,1993
46678,Harmon,Berrecloth,hberreclotho8@aboutads.info,Male,1981
46462,Brena,O'Doohaine,bodoohaineo9@cisco.com,Female,1977
47606,Chucho,Curm,ccurmoa@infoseek.co.jp,Male,1925
41196,Pier,Komorowski,pkomorowskiob@youku.com,Female,1929
41614,Ciel,Jorcke,cjorckeoc@flavors.me,Female,1982
49195,Daron,Ridsdell,dridsdellod@wsj.com,Female,1936
46564,Vladamir,Molineaux,vmolineauxoe@ning.com,Male,2004
45089,Noe,Iskowicz,niskowiczof@census.gov,Male,1962
43529,Leland,Luty,llutyog@ocn.ne.jp,Male,1950
40189,Vi,Fuentes,vfuentesoh@twitpic.com,Female,1931
49178,Marmaduke,Di Giorgio,mdigiorgiooi@independent.co.uk,Male,1927
40995,Bondie,Gossage,bgossageoj@princeton.edu,Male,1943
46457,Ham,Mullinger,hmullingerok@ted.com,Male,2003
45547,Kittie,Muccino,kmuccinool@newsvine.com,Female,1944
40626,Geri,Corday,gcordayom@meetup.com,Female,1960
42057,Zebulen,Odde,zoddeon@yelp.com,Male,1946
49310,Erie,Hrishchenko,ehrishchenkooo@google.cn,Male,2000
44159,Lorettalorna,Hallgarth,lhallgarthop@feedburner.com,Female,1949
44052,Paulie,Freeburn,pfreeburnoq@twitpic.com,Bigender,1952
46979,Trenna,Itzkovich,titzkovichor@uiuc.edu,Female,1977
44014,Cesar,Concklin,cconcklinos@a8.net,Male,2008
44414,Chas,Bestar,cbestarot@cnet.com,Male,1949
41453,Shannen,Gaskamp,sgaskampou@va.gov,Female,1988
41752,Demetre,Prendeville,dprendevilleov@wiley.com,Polygender,1978
43689,Chas,Beaufoy,cbeaufoyow@seesaa.net,Male,1954
46633,Halimeda,Dmytryk,hdmytrykox@fotki.com,Female,1937
45411,Deeann,Woodwind,dwoodwindoy@rambler.ru,Female,1924
49651,Mehetabel,Pipet,mpipetoz@alexa.com,Female,1952
40858,Tiena,Rickersey,trickerseyp0@hhs.gov,Female,2008
46151,Jerry,Gianilli,jgianillip1@a8.net,Female,1972
45204,Artemas,Berwick,aberwickp2@php.net,Male,1920
40904,Sherrie,Pimlott,spimlottp3@cocolog-nifty.com,Female,1958
40613,Vinnie,Pack,vpackp4@elegantthemes.com,Male,1930
42437,Nappie,Meltetal,nmeltetalp5@discovery.com,Male,1988
44611,Monti,Gillum,mgillump6@nationalgeographic.com,Male,1964
49091,Eugen,Sigge,esiggep7@merriam-webster.com,Male,1939
43329,Zonnya,Jacson,zjacsonp8@xinhuanet.com,Genderqueer,2005
45194,Marie-ann,Arnaez,marnaezp9@delicious.com,Female,1931
43341,Ax,Attril,aattrilpa@ebay.com,Male,1976
42851,Sloane,Oakwood,soakwoodpb@yandex.ru,Male,2006
43644,Nikolia,Adel,nadelpc@mit.edu,Agender,1938
46353,Ezekiel,Friedank,efriedankpd@cdc.gov,Male,1927
43442,Alisun,Shewsmith,ashewsmithpe@example.com,Female,1940
43725,Gussy,Simonnet,gsimonnetpf@chron.com,Female,1979
43411,Adan,Parfrey,aparfreypg@fda.gov,Male,2004
41029,Henryetta,Scurman,hscurmanph@stanford.edu,Female,1951
43271,Emelina,Peat,epeatpi@dedecms.com,Female,1943
48707,Loy,Dancey,ldanceypj@twitter.com,Male,1962
41780,Deeyn,de Zamora,ddezamorapk@deliciousdays.com,Female,1963
43348,Genia,Ellwood,gellwoodpl@fastcompany.com,Female,1979
48096,Frazier,Glasspool,fglasspoolpm@ft.com,Male,1961
48146,Trevor,Ruseworth,truseworthpn@homestead.com,Male,2008
49598,Benny,De Avenell,bdeavenellpo@wikipedia.org,Bigender,1961
44259,Packston,Orring,porringpp@constantcontact.com,Male,1937
46359,Shelia,MacCollom,smaccollompq@purevolume.com,Female,2010
43897,Nikoletta,Airlie,nairliepr@networkadvertising.org,Female,1983
46754,Frederic,Worshall,fworshallps@arstechnica.com,Male,1979
45145,Flo,Keilty,fkeiltypt@disqus.com,Female,1953
40084,Milt,Rankine,mrankinepu@amazonaws.com,Male,1992
49150,Troy,Rooney,trooneypv@digg.com,Male,1958
42554,Anastassia,Bestwall,abestwallpw@theatlantic.com,Female,1939
49553,Marge,Brabbins,mbrabbinspx@cnn.com,Bigender,1970
45338,Ervin,Glassup,eglassuppy@nps.gov,Male,1977
46521,Magda,Spaughton,mspaughtonpz@wunderground.com,Female,1946
49101,Glynda,Clarage,gclarageq0@independent.co.uk,Female,2003
40497,Gregory,Mayell,gmayellq1@nytimes.com,Male,1991
49648,Rianon,Oman,romanq2@sohu.com,Female,2009
48553,Ringo,Gleeton,rgleetonq3@tripod.com,Bigender,1984
42372,Doloritas,Inker,dinkerq4@hugedomains.com,Female,1941
48698,Cherilynn,Sorsby,csorsbyq5@springer.com,Female,1937
41021,Jermayne,Rodden,jroddenq6@walmart.com,Male,1931
47842,Ronna,Guislin,rguislinq7@bandcamp.com,Female,1958
47789,Rock,Canceller,rcancellerq8@newyorker.com,Male,2010
40758,Brear,Laxon,blaxonq9@vimeo.com,Female,1959
41488,Willyt,Vyvyan,wvyvyanqa@topsy.com,Female,1994
47783,Ginnie,Heningam,gheningamqb@edublogs.org,Female,1953
46964,Vance,Glencrash,vglencrashqc@mac.com,Male,1923
45845,Gerrie,Blaker,gblakerqd@zimbio.com,Male,1936
41941,Rhody,Gerhts,rgerhtsqe@freewebs.com,Agender,1928
48479,Elyssa,Corn,ecornqf@illinois.edu,Female,2009
44173,Gwyneth,Fateley,gfateleyqg@sciencedirect.com,Female,1976
41215,Jared,Spours,jspoursqh@exblog.jp,Male,1966
48497,Gordie,Eyree,geyreeqi@sohu.com,Male,1949
45175,Saundra,Ellard,sellardqj@list-manage.com,Male,1929
47320,Laurice,Meach,lmeachqk@123-reg.co.uk,Bigender,1922
41773,Beckie,Moverley,bmoverleyql@state.tx.us,Female,1939
46012,Art,Dymick,adymickqm@noaa.gov,Male,1929
46973,Danita,Titta,dtittaqn@slashdot.org,Polygender,1926
41915,Darlene,Deeny,ddeenyqo@kickstarter.com,Female,1997
47318,Geri,Capponeer,gcapponeerqp@alibaba.com,Genderqueer,1951
46549,Andreas,Fearnyough,afearnyoughqq@amazon.com,Male,1982
48780,Gisela,Underdown,gunderdownqr@fastcompany.com,Female,1990
47134,Alayne,Ponsford,aponsfordqs@jalbum.net,Female,1920
45442,Gustaf,Heims,gheimsqt@patch.com,Male,1986
44116,Reamonn,Fidal,rfidalqu@ehow.com,Male,1964
45448,Finley,De Freyne,fdefreyneqv@com.com,Male,1961
42012,Henka,Versey,hverseyqw@instagram.com,Female,1921
41678,Carmelle,Arden,cardenqx@soundcloud.com,Non-binary,1942
41615,Gary,Danjoie,gdanjoieqy@shutterfly.com,Male,1937
43158,Warden,Kempston,wkempstonqz@weibo.com,Agender,1981
48087,Annalise,Henningham,ahenninghamr0@shareasale.com,Non-binary,2003
48742,Katee,Hambrick,khambrickr1@wordpress.com,Female,1942
45266,Karola,Szwarc,kszwarcr2@pcworld.com,Female,1955
45645,Yorke,Elvins,yelvinsr3@booking.com,Male,1942
44113,Tedmund,Burel,tburelr4@nps.gov,Male,2009
41808,Kori,Micco,kmiccor5@cbslocal.com,Female,1995
43349,Tamar,Dahler,tdahlerr6@mozilla.org,Non-binary,1943
49500,Stern,Radnage,sradnager7@reverbnation.com,Male,1927
41963,Jameson,Vedntyev,jvedntyevr8@npr.org,Male,1974
40115,Linda,Skegg,lskeggr9@slashdot.org,Female,1962
44076,Barret,Rijkeseis,brijkeseisra@naver.com,Male,1968
48170,Eba,Jeskin,ejeskinrb@wunderground.com,Female,1922
42723,Thibaut,Osgorby,tosgorbyrc@europa.eu,Male,1969
41210,Juan,Allison,jallisonrd@paginegialle.it,Male,1933
45610,Renae,Littefair,rlittefairre@yahoo.com,Female,1948
45322,Antone,Kirvin,akirvinrf@engadget.com,Male,1926
42300,Clementius,Reidie,creidierg@vinaora.com,Male,1946
45098,Grete,Glascott,gglascottrh@sogou.com,Female,1929
46735,Elana,Presley,epresleyri@alibaba.com,Polygender,1930
41027,Thorin,Anthony,tanthonyrj@webmd.com,Male,1921
48391,Ibrahim,Ricci,iriccirk@nhs.uk,Male,1983
45494,Pacorro,Fullylove,pfullyloverl@craigslist.org,Male,2009
48156,Washington,Ullyott,wullyottrm@clickbank.net,Male,1921
46724,Gene,Bachanski,gbachanskirn@mayoclinic.com,Male,2006
44297,Maxwell,Bryning,mbryningro@weather.com,Non-binary,1979
48507,Rodrique,Gurner,rgurnerrp@cmu.edu,Male,1994
47015,Ivor,Yanshonok,iyanshonokrq@comcast.net,Male,1941
43498,Ambrosio,Spours,aspoursrr@ibm.com,Male,1980
